English,Türkçe,Where
Music,Müzik,scripts/autoload/AudioManager.gd:86
SFX,Efektler,scripts/autoload/AudioManager.gd:90
Inventory,,scripts/autoload/game_data/GameDataArt.gd:64
Opens once you find your first item or relic,,scripts/autoload/game_data/GameDataArt.gd:64
Medical Bay,Revir,scripts/autoload/game_data/GameDataArt.gd:65
Opens after your first rift run,,scripts/autoload/game_data/GameDataArt.gd:65
Bestiary,Canavar Kitabı,scripts/autoload/game_data/GameDataArt.gd:66
Opens after your first fight,,scripts/autoload/game_data/GameDataArt.gd:66
Crafting,Zanaat,scripts/autoload/game_data/GameDataArt.gd:67
Opens after you seal your first rift,İlk yarığını mühürleyince açılır,scripts/autoload/game_data/GameDataArt.gd:67
Quests,Görevler,scripts/autoload/game_data/GameDataArt.gd:68
Management,Yönetim,scripts/autoload/game_data/GameDataArt.gd:69
Tower of Trials,Sınav Kulesi,scripts/autoload/game_data/GameDataArt.gd:70
Opens when you complete Act I,I. Perde'yi bitirince açılır,scripts/autoload/game_data/GameDataArt.gd:70
1280×800 (Default),,scripts/autoload/game_data/GameDataArt.gd:188
Warrior,,scripts/autoload/game_data/GameDataHeroes.gd:4
Ranger,,scripts/autoload/game_data/GameDataHeroes.gd:5
Mage,,scripts/autoload/game_data/GameDataHeroes.gd:6
Cleric,,scripts/autoload/game_data/GameDataHeroes.gd:685
Rogue,,scripts/autoload/game_data/GameDataHeroes.gd:707
Common,,scripts/autoload/game_data/GameDataHeroes.gd:13
Rare,,scripts/autoload/game_data/GameDataHeroes.gd:14
Epic,,scripts/autoload/game_data/GameDataHeroes.gd:15
Legendary,,scripts/autoload/game_data/GameDataHeroes.gd:20
Mends 2% HP/round,,scripts/autoload/game_data/GameDataHeroes.gd:115
+5% dodge chance,,scripts/autoload/game_data/GameDataHeroes.gd:116
+1.5% dmg/round (stacking),,scripts/autoload/game_data/GameDataHeroes.gd:117
-6% hazard severity,,scripts/autoload/game_data/GameDataHeroes.gd:118
+6% first-strike damage,,scripts/autoload/game_data/GameDataHeroes.gd:119
Relic ward: survive a wipe at 8% HP,,scripts/autoload/game_data/GameDataHeroes.gd:120
+30% opening volley vs Bosses,,scripts/autoload/game_data/GameDataHeroes.gd:121
+6% odds toward Rare/Epic loot,,scripts/autoload/game_data/GameDataHeroes.gd:122
+15% chance to counter-attack when evading or taking a heavy hit,,scripts/autoload/game_data/GameDataHeroes.gd:123
+25% chance to gain 1 Momentum when evading or hit hard,,scripts/autoload/game_data/GameDataHeroes.gd:124
"On a kill, shields the lowest-HP ally for 20% of their max HP",,scripts/autoload/game_data/GameDataHeroes.gd:125
Killer's Eye,,scripts/autoload/game_data/GameDataHeroes.gd:332
Bloodrush,,scripts/autoload/game_data/GameDataHeroes.gd:333
Headhunter,,scripts/autoload/game_data/GameDataHeroes.gd:334
Stand Firm,,scripts/autoload/game_data/GameDataHeroes.gd:337
Protector,,scripts/autoload/game_data/GameDataHeroes.gd:338
Unbowed,,scripts/autoload/game_data/GameDataHeroes.gd:339
Quick Draw,,scripts/autoload/game_data/GameDataHeroes.gd:342
Ambusher,,scripts/autoload/game_data/GameDataHeroes.gd:343
Opening Salvo,,scripts/autoload/game_data/GameDataHeroes.gd:344
Second Wind,,scripts/autoload/game_data/GameDataHeroes.gd:347
Long Fight,,scripts/autoload/game_data/GameDataHeroes.gd:348
Wear Them Down,,scripts/autoload/game_data/GameDataHeroes.gd:349
Field Medic,,scripts/autoload/game_data/GameDataHeroes.gd:352
Siphon,,scripts/autoload/game_data/GameDataHeroes.gd:353
Rallying Word,,scripts/autoload/game_data/GameDataHeroes.gd:354
Wary,,scripts/autoload/game_data/GameDataHeroes.gd:357
Brace,,scripts/autoload/game_data/GameDataHeroes.gd:358
Covering Stance,,scripts/autoload/game_data/GameDataHeroes.gd:359
Slippery,,scripts/autoload/game_data/GameDataHeroes.gd:362
Riposte,,scripts/autoload/game_data/GameDataHeroes.gd:363
Back-Row Shadow,,scripts/autoload/game_data/GameDataHeroes.gd:364
Last Bastion,,scripts/autoload/game_data/GameDataHeroes.gd:367
Oathkeeper,,scripts/autoload/game_data/GameDataHeroes.gd:368
Rally,,scripts/autoload/game_data/GameDataHeroes.gd:369
Giant's Bane,,scripts/autoload/game_data/GameDataHeroes.gd:372
Crushing Blow,,scripts/autoload/game_data/GameDataHeroes.gd:373
Apex,,scripts/autoload/game_data/GameDataHeroes.gd:374
Vanguard,,scripts/autoload/game_data/GameDataHeroes.gd:383
Flanker,,scripts/autoload/game_data/GameDataHeroes.gd:385
Overwatch,,scripts/autoload/game_data/GameDataHeroes.gd:387
Safe Distance,,scripts/autoload/game_data/GameDataHeroes.gd:389
Sanctuary Line,,scripts/autoload/game_data/GameDataHeroes.gd:391
Healing Tonic,,scripts/autoload/game_data/GameDataHeroes.gd:522
"Heals an ally 35% of max HP and cleanses burn, poison, chill, stun and curses.",,scripts/autoload/game_data/GameDataHeroes.gd:523
Iron Tonic,,scripts/autoload/game_data/GameDataHeroes.gd:524
Wards an ally for 30% of their max HP.,,scripts/autoload/game_data/GameDataHeroes.gd:525
Focus Tonic,,scripts/autoload/game_data/GameDataHeroes.gd:526
+3 Momentum for the party.,,scripts/autoload/game_data/GameDataHeroes.gd:527
A guild recruit swinging a borrowed blade.,,scripts/autoload/game_data/GameDataHeroes.gd:621
"Slow, sturdy, and hard to put down.",,scripts/autoload/game_data/GameDataHeroes.gd:622
Wins the exchange before it starts.,,scripts/autoload/game_data/GameDataHeroes.gd:623
A wall with opinions.,,scripts/autoload/game_data/GameDataHeroes.gd:624
Considers armor a personal insult.,,scripts/autoload/game_data/GameDataHeroes.gd:625
"Rift-forged plate, dented and unbothered.",,scripts/autoload/game_data/GameDataHeroes.gd:626
Trades wounds and wins the trade.,,scripts/autoload/game_data/GameDataHeroes.gd:627
Runeblade,,scripts/autoload/game_data/GameDataHeroes.gd:628
Every strike is already inscribed.,,scripts/autoload/game_data/GameDataHeroes.gd:628
Ashen Templar,,scripts/autoload/game_data/GameDataHeroes.gd:629
Has died before. Didn't care for it.,,scripts/autoload/game_data/GameDataHeroes.gd:629
Rift Sovereign,,scripts/autoload/game_data/GameDataHeroes.gd:630
The Rift answers to almost nothing. Almost.,,scripts/autoload/game_data/GameDataHeroes.gd:630
Patches the party between swings.,,scripts/autoload/game_data/GameDataHeroes.gd:633
"Heavy armor, light feet.",,scripts/autoload/game_data/GameDataHeroes.gd:634
"First through the door, first to swing.",,scripts/autoload/game_data/GameDataHeroes.gd:635
The cold never bothered the plate much.,,scripts/autoload/game_data/GameDataHeroes.gd:636
"Gets angrier, not slower.",,scripts/autoload/game_data/GameDataHeroes.gd:637
"The last thing standing, on principle.",,scripts/autoload/game_data/GameDataHeroes.gd:638
Stormguard,,scripts/autoload/game_data/GameDataHeroes.gd:639
Meets the charge before it lands.,,scripts/autoload/game_data/GameDataHeroes.gd:639
Rift-Breaker,,scripts/autoload/game_data/GameDataHeroes.gd:640
Puts the first crack in anything.,,scripts/autoload/game_data/GameDataHeroes.gd:640
Sets more snares than the Rift can spring.,,scripts/autoload/game_data/GameDataHeroes.gd:642
Improvises a weapon out of whatever's at hand.,,scripts/autoload/game_data/GameDataHeroes.gd:643
Already knows where the floor gives way.,,scripts/autoload/game_data/GameDataHeroes.gd:644
One arrow. Rarely needs a second.,,scripts/autoload/game_data/GameDataHeroes.gd:645
The opening strike is the whole performance.,,scripts/autoload/game_data/GameDataHeroes.gd:646
Has walked through worse hallways than this.,,scripts/autoload/game_data/GameDataHeroes.gd:647
Follows the lightning instead of waiting for thunder.,,scripts/autoload/game_data/GameDataHeroes.gd:648
Reads a hallway before it reads back.,,scripts/autoload/game_data/GameDataHeroes.gd:649
Sets the trap the Rift walks into instead.,,scripts/autoload/game_data/GameDataHeroes.gd:650
Voidwalker,,scripts/autoload/game_data/GameDataHeroes.gd:651
Half-stepped out of the fight before it began.,,scripts/autoload/game_data/GameDataHeroes.gd:651
Tracks by scent when the light gives out.,,scripts/autoload/game_data/GameDataHeroes.gd:654
Knows exactly where to put an arrow.,,scripts/autoload/game_data/GameDataHeroes.gd:655
Watches the dark so the party doesn't have to.,,scripts/autoload/game_data/GameDataHeroes.gd:656
Field dressings from whatever's growing nearby.,,scripts/autoload/game_data/GameDataHeroes.gd:657
Gone before the echo catches up.,,scripts/autoload/game_data/GameDataHeroes.gd:658
The wind carries the first shot true.,,scripts/autoload/game_data/GameDataHeroes.gd:659
Rift-Piercer,,scripts/autoload/game_data/GameDataHeroes.gd:660
Finds the one seam every ward has.,,scripts/autoload/game_data/GameDataHeroes.gd:660
Wintertide Archer,,scripts/autoload/game_data/GameDataHeroes.gd:661
Colder with every arrow loosed.,,scripts/autoload/game_data/GameDataHeroes.gd:661
Rift-Eclipsed Warden,,scripts/autoload/game_data/GameDataHeroes.gd:662
Every shadow in the Rift owes her an arrow.,,scripts/autoload/game_data/GameDataHeroes.gd:662
Still learning to hold a spark steady.,,scripts/autoload/game_data/GameDataHeroes.gd:664
"Sparks first, thinks second.",,scripts/autoload/game_data/GameDataHeroes.gd:665
Sees the trap a half-second before it triggers.,,scripts/autoload/game_data/GameDataHeroes.gd:666
Every spell warms up the next.,,scripts/autoload/game_data/GameDataHeroes.gd:667
Studies the Rift's cold so it can't study back.,,scripts/autoload/game_data/GameDataHeroes.gd:668
Weaves a ward faster than the Rift can break it.,,scripts/autoload/game_data/GameDataHeroes.gd:669
Calls down more with every passing second.,,scripts/autoload/game_data/GameDataHeroes.gd:670
Pyromancer,,scripts/autoload/game_data/GameDataHeroes.gd:671
The Rift itself seems to lean away.,,scripts/autoload/game_data/GameDataHeroes.gd:671
Archon of Storms,,scripts/autoload/game_data/GameDataHeroes.gd:672
Opens every Warden's door with thunder.,,scripts/autoload/game_data/GameDataHeroes.gd:672
The Unbound,,scripts/autoload/game_data/GameDataHeroes.gd:673
No name holds it. No floor stops it.,,scripts/autoload/game_data/GameDataHeroes.gd:673
Grows a ward out of nothing but will.,,scripts/autoload/game_data/GameDataHeroes.gd:676
The first spell is always the quiet one.,,scripts/autoload/game_data/GameDataHeroes.gd:677
Turns skin to something closer to bark.,,scripts/autoload/game_data/GameDataHeroes.gd:678
Bargains with the dark for one more round.,,scripts/autoload/game_data/GameDataHeroes.gd:679
Reads the future in root and leaf.,,scripts/autoload/game_data/GameDataHeroes.gd:680
Sees the strike land before it's thrown.,,scripts/autoload/game_data/GameDataHeroes.gd:681
Ashbound Theorist,,scripts/autoload/game_data/GameDataHeroes.gd:682
Every equation ends in fire.,,scripts/autoload/game_data/GameDataHeroes.gd:682
Rift-Warden Magus,,scripts/autoload/game_data/GameDataHeroes.gd:683
Wards the floor before the Rift finishes forming it.,,scripts/autoload/game_data/GameDataHeroes.gd:683
Sells bandages. Uses them too.,,scripts/autoload/game_data/GameDataHeroes.gd:685
"Prays quietly, heals quietly.",,scripts/autoload/game_data/GameDataHeroes.gd:686
Carries a field kit for every wound.,,scripts/autoload/game_data/GameDataHeroes.gd:687
Swings a censer like it owes him money.,,scripts/autoload/game_data/GameDataHeroes.gd:688
Prays loudly enough to keep the party moving.,,scripts/autoload/game_data/GameDataHeroes.gd:689
"Faith, mostly. A blade, occasionally.",,scripts/autoload/game_data/GameDataHeroes.gd:690
Faster hands than the Rift has wounds to give.,,scripts/autoload/game_data/GameDataHeroes.gd:691
Dawnkeeper,,scripts/autoload/game_data/GameDataHeroes.gd:692
Carries first light into the deepest floor.,,scripts/autoload/game_data/GameDataHeroes.gd:692
Sanctified Shield,,scripts/autoload/game_data/GameDataHeroes.gd:693
Swears the party will not fall today.,,scripts/autoload/game_data/GameDataHeroes.gd:693
Alchemist,,scripts/autoload/game_data/GameDataHeroes.gd:694
Brews faster than the Rift can wound.,,scripts/autoload/game_data/GameDataHeroes.gd:694
"Prays with a lit candle, not a cold one.",,scripts/autoload/game_data/GameDataHeroes.gd:697
Keeps the chill out of everyone but herself.,,scripts/autoload/game_data/GameDataHeroes.gd:698
Blesses the blade before it's needed.,,scripts/autoload/game_data/GameDataHeroes.gd:699
A fire that doesn't go out in the cold.,,scripts/autoload/game_data/GameDataHeroes.gd:700
"Absolves the Rift of its sins, briefly.",,scripts/autoload/game_data/GameDataHeroes.gd:701
"Fasts, prays, and somehow still heals faster.",,scripts/autoload/game_data/GameDataHeroes.gd:702
Radiant Vanguard,,scripts/autoload/game_data/GameDataHeroes.gd:703
"Leads with light, not caution.",,scripts/autoload/game_data/GameDataHeroes.gd:703
Sainted Ember,,scripts/autoload/game_data/GameDataHeroes.gd:704
The Rift's worst still flinches from her first word.,,scripts/autoload/game_data/GameDataHeroes.gd:704
Last-Light Martyr,,scripts/autoload/game_data/GameDataHeroes.gd:705
The party has never seen the floor she stood between them and.,,scripts/autoload/game_data/GameDataHeroes.gd:705
Knows which puddles not to step in.,,scripts/autoload/game_data/GameDataHeroes.gd:707
Has never once stood and fought fair.,,scripts/autoload/game_data/GameDataHeroes.gd:708
Leaves with more than they came with.,,scripts/autoload/game_data/GameDataHeroes.gd:709
Never where the last swing landed.,,scripts/autoload/game_data/GameDataHeroes.gd:710
Nobody's ever heard them arrive.,,scripts/autoload/game_data/GameDataHeroes.gd:711
The Rift barely notices it was there.,,scripts/autoload/game_data/GameDataHeroes.gd:712
Gets faster the longer no one catches them.,,scripts/autoload/game_data/GameDataHeroes.gd:713
Strikes from the dark and returns to it.,,scripts/autoload/game_data/GameDataHeroes.gd:714
Leaves two footprints and no explanation.,,scripts/autoload/game_data/GameDataHeroes.gd:715
Duskrunner,,scripts/autoload/game_data/GameDataHeroes.gd:716
Moves like the space between two heartbeats.,,scripts/autoload/game_data/GameDataHeroes.gd:716
Knows every plant the Rift hasn't poisoned yet.,,scripts/autoload/game_data/GameDataHeroes.gd:719
Steals more than coin from a warded vault.,,scripts/autoload/game_data/GameDataHeroes.gd:720
Tougher than a rogue has any right to be.,,scripts/autoload/game_data/GameDataHeroes.gd:721
Reads a ward's seams like a lockpick reads a door.,,scripts/autoload/game_data/GameDataHeroes.gd:722
The undergrowth hides more than it seems to.,,scripts/autoload/game_data/GameDataHeroes.gd:723
Steps half out of reality when it matters.,,scripts/autoload/game_data/GameDataHeroes.gd:724
Wraithblade Adept,,scripts/autoload/game_data/GameDataHeroes.gd:725
"Every strike thinner than the last, and faster.",,scripts/autoload/game_data/GameDataHeroes.gd:725
The Unseen Hand,,scripts/autoload/game_data/GameDataHeroes.gd:726
Already struck before the boss noticed it arrive.,,scripts/autoload/game_data/GameDataHeroes.gd:726
The Final Cut,,scripts/autoload/game_data/GameDataHeroes.gd:727
Nothing has landed a hit since the Rift learned her name.,,scripts/autoload/game_data/GameDataHeroes.gd:727
Bloodthirst Fang,,scripts/autoload/game_data/GameDataItems.gd:18
Heals the wielder for 25% of the damage they deal each round they attack. -15% hazard severity guard.,,scripts/autoload/game_data/GameDataItems.gd:22
Widow's Edge,,scripts/autoload/game_data/GameDataItems.gd:23
Instantly finishes a foe this hero's attack would drop below 15% HP. -10% damage otherwise.,,scripts/autoload/game_data/GameDataItems.gd:27
Last Stand Plate,,scripts/autoload/game_data/GameDataItems.gd:28
"The lower this hero's HP, up to +30% dodge chance near death. -10% dodge chance at full HP.",,scripts/autoload/game_data/GameDataItems.gd:32
Oathbound Talisman,,scripts/autoload/game_data/GameDataItems.gd:33
"Whenever the party mends, also shields the lowest-HP ally for 15% of their max HP. -15% damage. Cleric only.",,scripts/autoload/game_data/GameDataItems.gd:37
Reaper's Due,,scripts/autoload/game_data/GameDataItems.gd:40
"On a kill, this hero immediately acts again (once per round). -10% HP.",,scripts/autoload/game_data/GameDataItems.gd:44
Quickening Band,,scripts/autoload/game_data/GameDataItems.gd:45
+2% damage for every point of Speed above 10. -8% HP.,,scripts/autoload/game_data/GameDataItems.gd:49
Millstone Maul,,scripts/autoload/game_data/GameDataItems.gd:50
+50% damage when this hero is the last in the round to act. -40% Speed.,,scripts/autoload/game_data/GameDataItems.gd:54
Hourglass of First Light,,scripts/autoload/game_data/GameDataItems.gd:55
+40% damage when this hero acts first in the round. -8% HP.,,scripts/autoload/game_data/GameDataItems.gd:59
Warden's Oath,,scripts/autoload/game_data/GameDataItems.gd:60
60% chance to step in front of a blow aimed at an ally below half HP. -10% dodge chance.,,scripts/autoload/game_data/GameDataItems.gd:64
Ember of the Last Hour,,scripts/autoload/game_data/GameDataItems.gd:65
+45% damage while this hero is below 35% HP. -10% HP.,,scripts/autoload/game_data/GameDataItems.gd:69
Chronoblade,,scripts/autoload/game_data/GameDataItems.gd:70
60% chance to cool every Ability by 1 round when this hero dodges or takes a heavy hit. -8% damage.,,scripts/autoload/game_data/GameDataItems.gd:74
Bossbane Spear,,scripts/autoload/game_data/GameDataItems.gd:75
+40% damage in Boss fights. -10% first-strike damage.,,scripts/autoload/game_data/GameDataItems.gd:79
The Gambler's Gold,,scripts/autoload/game_data/GameDataItems.gd:89
"Each round: 50% chance the party's damage is doubled, 50% chance it's halved.",,scripts/autoload/game_data/GameDataItems.gd:93
Ashes of the Fallen,,scripts/autoload/game_data/GameDataItems.gd:94
"+damage the more wounded the party collectively is, up to +30% at the brink of death. -10% hazard severity guard.",,scripts/autoload/game_data/GameDataItems.gd:98
Sable Standard,,scripts/autoload/game_data/GameDataItems.gd:99
"+25% team damage, but only while every living hero shares the same role.",,scripts/autoload/game_data/GameDataItems.gd:103
Twin Embers,,scripts/autoload/game_data/GameDataItems.gd:104
"+2% dmg/round (stacking) on its own. Paired with Ashes of the Fallen, that relic's desperation bonus doubles.",,scripts/autoload/game_data/GameDataItems.gd:109
Phoenix Feather,,scripts/autoload/game_data/GameDataItems.gd:110
"Once per rift, when the whole party falls, everyone rises again at 30% HP.",,scripts/autoload/game_data/GameDataItems.gd:112
Warden's Seal,,scripts/autoload/game_data/GameDataItems.gd:113
-20% hazard severity.,,scripts/autoload/game_data/GameDataItems.gd:116
Crown of Oaths,,scripts/autoload/game_data/GameDataItems.gd:117
The Champion's Call can be used twice per rift.,,scripts/autoload/game_data/GameDataItems.gd:119
Bloodpact Dagger,,scripts/autoload/game_data/GameDataItems.gd:120
"+35% team damage, but the party never mends between rounds.",,scripts/autoload/game_data/GameDataItems.gd:122
Quartermaster's Ledger,,scripts/autoload/game_data/GameDataItems.gd:123
Quests pay 50% more Gold and Essence. +5% odds toward Rare/Epic loot.,,scripts/autoload/game_data/GameDataItems.gd:126
Lantern of the Lost,,scripts/autoload/game_data/GameDataItems.gd:127
Carrying a downed hero out of a rift costs no day. Mends 2% HP/round.,,scripts/autoload/game_data/GameDataItems.gd:130
The Stopped Clock,,scripts/autoload/game_data/GameDataItems.gd:131
Foes can't act in the first round of a fight. -15% first-strike damage.,,scripts/autoload/game_data/GameDataItems.gd:133
Mirror Shard,,scripts/autoload/game_data/GameDataItems.gd:134
Copies every special of your best other equipped relic.,,scripts/autoload/game_data/GameDataItems.gd:136
Stormcaller Idol,,scripts/autoload/game_data/GameDataItems.gd:137
"Every third round, lightning strikes every foe for 60% of the party's damage.",,scripts/autoload/game_data/GameDataItems.gd:140
Prism Heart,,scripts/autoload/game_data/GameDataItems.gd:141
+5% team damage for each different element among your standing heroes.,,scripts/autoload/game_data/GameDataItems.gd:143
Warden's Shard,,scripts/autoload/game_data/GameDataItems.gd:174
Every kill mends the party 6%.,,scripts/autoload/game_data/GameDataItems.gd:175
Heart of the Rift,,scripts/autoload/game_data/GameDataItems.gd:176
"Every third round, a nova hits every foe for 40% of your damage.",,scripts/autoload/game_data/GameDataItems.gd:177
Gatekeeper's Key,,scripts/autoload/game_data/GameDataItems.gd:183
+30% first-strike damage.,,scripts/autoload/game_data/GameDataItems.gd:184
Mire Lantern,,scripts/autoload/game_data/GameDataItems.gd:185
Mends 4% HP every round.,,scripts/autoload/game_data/GameDataItems.gd:186
Cinder Brand,,scripts/autoload/game_data/GameDataItems.gd:187
+4% damage every round (stacking).,,scripts/autoload/game_data/GameDataItems.gd:188
Choir Bell,,scripts/autoload/game_data/GameDataItems.gd:189
"Every third round, shields the whole party for 15% of max HP.",,scripts/autoload/game_data/GameDataItems.gd:190
Tide Mirror,,scripts/autoload/game_data/GameDataItems.gd:191
+12% dodge chance.,,scripts/autoload/game_data/GameDataItems.gd:192
Regent's Crown,,scripts/autoload/game_data/GameDataItems.gd:193
+60% opening volley against bosses.,,scripts/autoload/game_data/GameDataItems.gd:194
Gravewright's Thread,,scripts/autoload/game_data/GameDataItems.gd:195
"Relic ward: once a fight, survive a wipe at 35% HP.",,scripts/autoload/game_data/GameDataItems.gd:196
Oracle's Eye,,scripts/autoload/game_data/GameDataItems.gd:197
+30% chance to counter when evading or hit hard.,,scripts/autoload/game_data/GameDataItems.gd:198
Ashfather's Coal,,scripts/autoload/game_data/GameDataItems.gd:199
"Every third round, fire strikes every foe for 80% of the party's damage.",,scripts/autoload/game_data/GameDataItems.gd:200
Summit Star,,scripts/autoload/game_data/GameDataItems.gd:201
"+5% damage every round (stacking), and every third round a starfall hits every foe for 100% of the party's damage.",,scripts/autoload/game_data/GameDataItems.gd:203
Ember,,scripts/autoload/game_data/GameDataModes.gd:10
Frost,,scripts/autoload/game_data/GameDataModes.gd:11
Blood,,scripts/autoload/game_data/GameDataModes.gd:12
Steel,,scripts/autoload/game_data/GameDataModes.gd:13
Storm,,scripts/autoload/game_data/GameDataModes.gd:14
Shadow,,scripts/autoload/game_data/GameDataModes.gd:15
Holy,,scripts/autoload/game_data/GameDataModes.gd:16
Kindling,,scripts/autoload/game_data/GameDataModes.gd:19
+3% party damage every round (stacking).,,scripts/autoload/game_data/GameDataModes.gd:19
Blaze,,scripts/autoload/game_data/GameDataModes.gd:20
+12% party damage.,,scripts/autoload/game_data/GameDataModes.gd:20
Pyre Burst,,scripts/autoload/game_data/GameDataModes.gd:21
"Every third round, fire strikes every foe for 35% of party damage.",,scripts/autoload/game_data/GameDataModes.gd:21
Rime Coat,,scripts/autoload/game_data/GameDataModes.gd:22
+8% dodge.,,scripts/autoload/game_data/GameDataModes.gd:22
Frostbite,,scripts/autoload/game_data/GameDataModes.gd:23
Evading or taking a heavy hit weakens the attacker.,,scripts/autoload/game_data/GameDataModes.gd:23
Ice Ward,,scripts/autoload/game_data/GameDataModes.gd:24
"Every third round, shield the party for 8% of max HP.",,scripts/autoload/game_data/GameDataModes.gd:24
Leech,,scripts/autoload/game_data/GameDataModes.gd:25
Hits heal the attacker for 8% of the damage.,,scripts/autoload/game_data/GameDataModes.gd:25
Frenzy,,scripts/autoload/game_data/GameDataModes.gd:26
+10% party damage.,,scripts/autoload/game_data/GameDataModes.gd:26
Feast,,scripts/autoload/game_data/GameDataModes.gd:27
Each kill mends the party for 6% of max HP.,,scripts/autoload/game_data/GameDataModes.gd:27
+20% chance to counter when evading or hit hard.,,scripts/autoload/game_data/GameDataModes.gd:28
Bulwark,,scripts/autoload/game_data/GameDataModes.gd:29
20% chance to take a hit meant for a wounded ally.,,scripts/autoload/game_data/GameDataModes.gd:29
Tempered,,scripts/autoload/game_data/GameDataModes.gd:30
"Once a fight, survive a wipe at 25% HP.",,scripts/autoload/game_data/GameDataModes.gd:30
Surge,,scripts/autoload/game_data/GameDataModes.gd:31
Static,,scripts/autoload/game_data/GameDataModes.gd:32
+30% chance to gain 1 Momentum when evading or hit hard.,,scripts/autoload/game_data/GameDataModes.gd:32
Chain Lightning,,scripts/autoload/game_data/GameDataModes.gd:33
Each kill arcs lightning into every foe for 30% of party damage.,,scripts/autoload/game_data/GameDataModes.gd:33
Reaper,,scripts/autoload/game_data/GameDataModes.gd:34
Hits finish off foes left below 12% HP.,,scripts/autoload/game_data/GameDataModes.gd:34
Ambush,,scripts/autoload/game_data/GameDataModes.gd:35
+40% opening volley against bosses.,,scripts/autoload/game_data/GameDataModes.gd:35
Veil,,scripts/autoload/game_data/GameDataModes.gd:36
+6% dodge and +6% party damage.,,scripts/autoload/game_data/GameDataModes.gd:36
Grace,,scripts/autoload/game_data/GameDataModes.gd:37
Mends 3% HP every round.,,scripts/autoload/game_data/GameDataModes.gd:37
Aegis,,scripts/autoload/game_data/GameDataModes.gd:38
Each kill shields the weakest ally for 12% of max HP.,,scripts/autoload/game_data/GameDataModes.gd:38
Hymn,,scripts/autoload/game_data/GameDataModes.gd:39
"Every third round, mend the party for 5% of max HP.",,scripts/autoload/game_data/GameDataModes.gd:39
Ember ×2,,scripts/autoload/game_data/GameDataModes.gd:44
+8% party damage.,,scripts/autoload/game_data/GameDataModes.gd:44
Inferno,,scripts/autoload/game_data/GameDataModes.gd:44
"Every third round, fire hits every foe for 60% of party damage.",,scripts/autoload/game_data/GameDataModes.gd:44
Frost ×2,,scripts/autoload/game_data/GameDataModes.gd:45
+6% dodge.,,scripts/autoload/game_data/GameDataModes.gd:45
Glacier,,scripts/autoload/game_data/GameDataModes.gd:45
"Every third round, shield the party for 15%.",,scripts/autoload/game_data/GameDataModes.gd:45
Blood ×2,,scripts/autoload/game_data/GameDataModes.gd:46
Mends 2% HP every round.,,scripts/autoload/game_data/GameDataModes.gd:46
Crimson Pact,,scripts/autoload/game_data/GameDataModes.gd:46
Hits heal for 15% of the damage.,,scripts/autoload/game_data/GameDataModes.gd:46
Steel ×2,,scripts/autoload/game_data/GameDataModes.gd:47
+10% counter chance.,,scripts/autoload/game_data/GameDataModes.gd:47
Iron Wall,,scripts/autoload/game_data/GameDataModes.gd:47
Each kill shields the weakest ally for 20%.,,scripts/autoload/game_data/GameDataModes.gd:47
Storm ×2,,scripts/autoload/game_data/GameDataModes.gd:48
+15% first-strike damage.,,scripts/autoload/game_data/GameDataModes.gd:48
Tempest,,scripts/autoload/game_data/GameDataModes.gd:48
Evading or taking a heavy hit can grant an extra turn.,,scripts/autoload/game_data/GameDataModes.gd:48
Shadow ×2,,scripts/autoload/game_data/GameDataModes.gd:49
+6% party damage.,,scripts/autoload/game_data/GameDataModes.gd:49
Deathmark,,scripts/autoload/game_data/GameDataModes.gd:49
Hits finish off foes below 20% HP.,,scripts/autoload/game_data/GameDataModes.gd:49
Holy ×2,,scripts/autoload/game_data/GameDataModes.gd:50
Sanctuary,,scripts/autoload/game_data/GameDataModes.gd:50
"Once a fight, survive a wipe at 30% HP.",,scripts/autoload/game_data/GameDataModes.gd:50
Ironclad,,scripts/autoload/game_data/GameDataModes.gd:76
Every foe is armored (at least 30% of basic attacks shrugged off). Abilities ignore armor.,,scripts/autoload/game_data/GameDataModes.gd:76
Scorching,,scripts/autoload/game_data/GameDataModes.gd:77
Every foe's hits can set a hero ablaze.,,scripts/autoload/game_data/GameDataModes.gd:77
Frostbound,,scripts/autoload/game_data/GameDataModes.gd:78
Every foe's hits can chill a hero (acts late).,,scripts/autoload/game_data/GameDataModes.gd:78
Swarm,,scripts/autoload/game_data/GameDataModes.gd:79
Extra foes join the fight.,,scripts/autoload/game_data/GameDataModes.gd:79
Brutal,,scripts/autoload/game_data/GameDataModes.gd:80
Every foe winds up heavy blows far more often. Defend!,,scripts/autoload/game_data/GameDataModes.gd:80
Colossus,,scripts/autoload/game_data/GameDataModes.gd:81
A single foe with double health.,,scripts/autoload/game_data/GameDataModes.gd:81
Glass Cannon,,scripts/autoload/game_data/GameDataModes.gd:82
Foes hit 40% harder but have 30% less health.,,scripts/autoload/game_data/GameDataModes.gd:82
Foes have 50% more health but hit 20% softer.,,scripts/autoload/game_data/GameDataModes.gd:83
Trio,,scripts/autoload/game_data/GameDataModes.gd:84
At most 3 heroes (plus the Champion).,,scripts/autoload/game_data/GameDataModes.gd:84
Duo,,scripts/autoload/game_data/GameDataModes.gd:85
At most 2 heroes (plus the Champion).,,scripts/autoload/game_data/GameDataModes.gd:85
The Gatekeeper,,scripts/autoload/game_data/GameDataModes.gd:90
Mirelord Oskan,,scripts/autoload/game_data/GameDataModes.gd:91
Cindermaw,,scripts/autoload/game_data/GameDataModes.gd:92
The Hollow Choir,,scripts/autoload/game_data/GameDataModes.gd:93
Tidewarden Selk,,scripts/autoload/game_data/GameDataModes.gd:94
The Ember Regent,,scripts/autoload/game_data/GameDataModes.gd:95
Gravewright Mourn,,scripts/autoload/game_data/GameDataModes.gd:96
The Drowned Oracle,,scripts/autoload/game_data/GameDataModes.gd:97
Ashfather,,scripts/autoload/game_data/GameDataModes.gd:98
The Summit Keeper,,scripts/autoload/game_data/GameDataModes.gd:99
%s asks for time off,,scripts/autoload/game_data/GameDataModes.gd:111
%s has been in the rifts a lot and wants a few days away from the guild.,,scripts/autoload/game_data/GameDataModes.gd:111
%s asks for a raise,,scripts/autoload/game_data/GameDataModes.gd:113
%s says the rifts are worth more than the guild pays and wants a bigger share.,,scripts/autoload/game_data/GameDataModes.gd:113
%s wants better kit,,scripts/autoload/game_data/GameDataModes.gd:115
%s says their gear is falling apart and asks for Gold for repairs.,,scripts/autoload/game_data/GameDataModes.gd:115
%s wants extra drills,,scripts/autoload/game_data/GameDataModes.gd:117
%s asks for a spot in the Training Yard this week.,,scripts/autoload/game_data/GameDataModes.gd:117
%s and %s are feuding,,scripts/autoload/game_data/GameDataModes.gd:119
An argument over the last rift's spoils has turned sour. Each wants you on their side.,,scripts/autoload/game_data/GameDataModes.gd:119
Five minutes in the rift,,scripts/autoload/game_data/GameDataModes.gd:130
Ten minutes in the rift,,scripts/autoload/game_data/GameDataModes.gd:131
Fifteen minutes in the rift,,scripts/autoload/game_data/GameDataModes.gd:132
Riftwalkers,,scripts/autoload/game_data/GameDataModes.gd:132
The rift sealed,,scripts/autoload/game_data/GameDataModes.gd:133
Rift Sealers,,scripts/autoload/game_data/GameDataModes.gd:133
Lesser Rift,,scripts/autoload/game_data/GameDataModes.gd:141
Greater Rift,,scripts/autoload/game_data/GameDataModes.gd:145
A Wounded Traveler,,scripts/autoload/game_data/GameDataModes.gd:161
"A scout from another guild lies bleeding against the wall, clutching a torn map.",,scripts/autoload/game_data/GameDataModes.gd:161
Patch them up,,scripts/autoload/game_data/GameDataModes.gd:163
Costs 15 Gold · +3 Renown,,scripts/autoload/game_data/GameDataModes.gd:163
Ask for the map,,scripts/autoload/game_data/GameDataModes.gd:164
+6-12 Essence,,scripts/autoload/game_data/GameDataModes.gd:164
Move on,,scripts/autoload/game_data/GameDataModes.gd:165
Nothing happens,,scripts/autoload/game_data/GameDataModes.gd:165
Blood Altar,,scripts/autoload/game_data/GameDataModes.gd:167
An altar hums with rift-light. It wants something from you.,,scripts/autoload/game_data/GameDataModes.gd:167
Offer blood,,scripts/autoload/game_data/GameDataModes.gd:169
Every hero loses 15% HP (never below 1) · gain a Rare-or-better item or relic,,scripts/autoload/game_data/GameDataModes.gd:169
Walk away,,scripts/autoload/game_data/GameDataModes.gd:170
Abandoned Cache,,scripts/autoload/game_data/GameDataModes.gd:172
Supplies left behind by a party that didn't make it out.,,scripts/autoload/game_data/GameDataModes.gd:172
Search it all,,scripts/autoload/game_data/GameDataModes.gd:174
70%: 20-35 Gold · 30%: a trap hits everyone for 10% HP,,scripts/autoload/game_data/GameDataModes.gd:174
Take what's on top,,scripts/autoload/game_data/GameDataModes.gd:175
+8 Gold,,scripts/autoload/game_data/GameDataModes.gd:175
Rift Echo,,scripts/autoload/game_data/GameDataModes.gd:177
Shimmering memories of old battles replay in the air around you.,,scripts/autoload/game_data/GameDataModes.gd:177
Study the fighting,,scripts/autoload/game_data/GameDataModes.gd:179
Every hero in the party gains 20 XP,,scripts/autoload/game_data/GameDataModes.gd:179
Absorb its energy,,scripts/autoload/game_data/GameDataModes.gd:180
+3 Momentum next fight · +5 Essence,,scripts/autoload/game_data/GameDataModes.gd:180
The Gambler,,scripts/autoload/game_data/GameDataModes.gd:182
A cloaked figure shuffles cards on an upturned crate and grins at you.,,scripts/autoload/game_data/GameDataModes.gd:182
Bet 20 Gold,,scripts/autoload/game_data/GameDataModes.gd:184
50%: win 45 Gold (net +25) · 50%: lose the bet,,scripts/autoload/game_data/GameDataModes.gd:184
Decline,,scripts/autoload/game_data/GameDataModes.gd:185
Quiet Shrine,,scripts/autoload/game_data/GameDataModes.gd:187
A small shrine the rift somehow left untouched. The air is calm here.,,scripts/autoload/game_data/GameDataModes.gd:187
Pray,,scripts/autoload/game_data/GameDataModes.gd:189
Every hero heals 20% HP,,scripts/autoload/game_data/GameDataModes.gd:189
Take the offerings,,scripts/autoload/game_data/GameDataModes.gd:190
+6-12 Essence · -1 Renown,,scripts/autoload/game_data/GameDataModes.gd:190
Collapsed Armory,,scripts/autoload/game_data/GameDataModes.gd:192
A rack of weapons lies pinned under fallen stone. Something good might still be under there.,,scripts/autoload/game_data/GameDataModes.gd:192
Lift the rubble,,scripts/autoload/game_data/GameDataModes.gd:194
Might check · pass: a Rare-or-better item · fail: everyone loses 10% HP,,scripts/autoload/game_data/GameDataModes.gd:194
Leave it,,scripts/autoload/game_data/GameDataModes.gd:195
Whispering Tome,,scripts/autoload/game_data/GameDataModes.gd:197
"A book floats open in the dark, murmuring techniques in a language almost like yours.",,scripts/autoload/game_data/GameDataModes.gd:197
Read it,,scripts/autoload/game_data/GameDataModes.gd:199
Focus check · pass: every hero gains 40 XP · fail: everyone loses 10% HP,,scripts/autoload/game_data/GameDataModes.gd:199
Burn it,,scripts/autoload/game_data/GameDataModes.gd:200
+6 Essence,,scripts/autoload/game_data/GameDataModes.gd:200
Frayed Rope Bridge,,scripts/autoload/game_data/GameDataModes.gd:202
"A rope bridge sways over a chasm. On the far side, a dead scout's pack.",,scripts/autoload/game_data/GameDataModes.gd:202
Cross quickly,,scripts/autoload/game_data/GameDataModes.gd:204
Agility check · pass: +20-35 Gold · fail: everyone loses 15% HP,,scripts/autoload/game_data/GameDataModes.gd:204
Go around,,scripts/autoload/game_data/GameDataModes.gd:205
Ember Pit,,scripts/autoload/game_data/GameDataModes.gd:207
Something glints at the bottom of a pit of still-glowing coals.,,scripts/autoload/game_data/GameDataModes.gd:207
Reach in,,scripts/autoload/game_data/GameDataModes.gd:209
Everyone loses 15% HP · a Rare-or-better relic,,scripts/autoload/game_data/GameDataModes.gd:209
Frozen Knight,,scripts/autoload/game_data/GameDataModes.gd:212
"A knight from another guild, frozen mid-stride in rift-ice. Still breathing.",,scripts/autoload/game_data/GameDataModes.gd:212
Thaw them out,,scripts/autoload/game_data/GameDataModes.gd:214
Costs 15 Gold · +3 Renown · +3 Momentum next fight,,scripts/autoload/game_data/GameDataModes.gd:214
Take their shield,,scripts/autoload/game_data/GameDataModes.gd:215
A Rare-or-better item · -2 Renown,,scripts/autoload/game_data/GameDataModes.gd:215
Crimson Pool,,scripts/autoload/game_data/GameDataModes.gd:218
A pool of something thick and red. Drinking it would teach you things. Painful things.,,scripts/autoload/game_data/GameDataModes.gd:218
Drink,,scripts/autoload/game_data/GameDataModes.gd:220
Everyone loses 20% HP · every hero gains 40 XP,,scripts/autoload/game_data/GameDataModes.gd:220
Bottle some,,scripts/autoload/game_data/GameDataModes.gd:221
+1 Healing Tonic,,scripts/autoload/game_data/GameDataModes.gd:221
Singing Anvil,,scripts/autoload/game_data/GameDataModes.gd:223
"An anvil that rings on its own. A smith's ghost offers to work it, for a price.",,scripts/autoload/game_data/GameDataModes.gd:223
Pay the smith,,scripts/autoload/game_data/GameDataModes.gd:225
Costs 25 Gold · an Epic item,,scripts/autoload/game_data/GameDataModes.gd:225
Sell the scrap,,scripts/autoload/game_data/GameDataModes.gd:226
+12 Gold,,scripts/autoload/game_data/GameDataModes.gd:226
Storm Totem,,scripts/autoload/game_data/GameDataModes.gd:228
"A totem crackles with trapped lightning. Channelled right, it could charge your party.",,scripts/autoload/game_data/GameDataModes.gd:228
Channel it,,scripts/autoload/game_data/GameDataModes.gd:230
"Focus check · pass: +12-20 Essence, +3 Momentum next fight · fail: everyone loses 10% HP",,scripts/autoload/game_data/GameDataModes.gd:230
A Hungry Shade,,scripts/autoload/game_data/GameDataModes.gd:233
"A shade drifts toward you, hungry for anything bright: gold, light, warmth.",,scripts/autoload/game_data/GameDataModes.gd:233
Feed it gold,,scripts/autoload/game_data/GameDataModes.gd:235
Costs 20 Gold · +3 Essence,,scripts/autoload/game_data/GameDataModes.gd:235
Drive it off,,scripts/autoload/game_data/GameDataModes.gd:236
Everyone loses 10% HP · +10 Essence,,scripts/autoload/game_data/GameDataModes.gd:236
Flee,,scripts/autoload/game_data/GameDataModes.gd:237
Ruined Chapel,,scripts/autoload/game_data/GameDataModes.gd:239
"Half a chapel, the other half somewhere in the rift. The altar still holds warmth.",,scripts/autoload/game_data/GameDataModes.gd:239
Restore the altar,,scripts/autoload/game_data/GameDataModes.gd:241
Costs 20 Gold · every hero heals 50% HP · +2 Renown,,scripts/autoload/game_data/GameDataModes.gd:241
Rest a while,,scripts/autoload/game_data/GameDataModes.gd:242
Ghostly Peddler,,scripts/autoload/game_data/GameDataModes.gd:244
A translucent merchant lays out wares that flicker in and out of existence.,,scripts/autoload/game_data/GameDataModes.gd:244
Buy a curiosity,,scripts/autoload/game_data/GameDataModes.gd:246
Costs 30 Gold · an Epic item or relic,,scripts/autoload/game_data/GameDataModes.gd:246
Trade stories,,scripts/autoload/game_data/GameDataModes.gd:247
Every hero gains 12 XP,,scripts/autoload/game_data/GameDataModes.gd:247
Caged Beast,,scripts/autoload/game_data/GameDataModes.gd:249
"A rift beast in a cage of runes, whimpering. The rune-lock is simple enough.",,scripts/autoload/game_data/GameDataModes.gd:249
Free it,,scripts/autoload/game_data/GameDataModes.gd:251
"55%: it bounds off grateful · +4 Renown, +2 Essence · 45%: it lashes out, everyone loses 15% HP",,scripts/autoload/game_data/GameDataModes.gd:251
Rift Mirror,,scripts/autoload/game_data/GameDataModes.gd:254
Your reflection moves a moment after you do. It seems to be showing you something.,,scripts/autoload/game_data/GameDataModes.gd:254
Study it,,scripts/autoload/game_data/GameDataModes.gd:256
"Focus check · pass: +3 Momentum next fight, +25 XP each · fail: everyone loses 10% HP",,scripts/autoload/game_data/GameDataModes.gd:256
Smash it,,scripts/autoload/game_data/GameDataModes.gd:257
+8 Essence,,scripts/autoload/game_data/GameDataModes.gd:257
Sleeping Golem,,scripts/autoload/game_data/GameDataModes.gd:259
A stone golem dozes on top of a treasure chest. Its snores shake the floor.,,scripts/autoload/game_data/GameDataModes.gd:259
Sneak the chest out,,scripts/autoload/game_data/GameDataModes.gd:261
Agility check · pass: +30-45 Gold and a Rare-or-better item or relic · fail: everyone loses 20% HP,,scripts/autoload/game_data/GameDataModes.gd:261
Let it sleep,,scripts/autoload/game_data/GameDataModes.gd:262
Lost Recruit,,scripts/autoload/game_data/GameDataModes.gd:264
"A young recruit from a village guild, lost and terrified, clutching a rusted sword.",,scripts/autoload/game_data/GameDataModes.gd:264
Escort them out,,scripts/autoload/game_data/GameDataModes.gd:266
"Every hero loses 5% HP · +4 Renown, +1 Essence",,scripts/autoload/game_data/GameDataModes.gd:266
Point the way,,scripts/autoload/game_data/GameDataModes.gd:267
+1 Renown,,scripts/autoload/game_data/GameDataModes.gd:267
Glowing Fungus,,scripts/autoload/game_data/GameDataModes.gd:269
Pale mushrooms pulse with soft light. They smell faintly of mint and ozone.,,scripts/autoload/game_data/GameDataModes.gd:269
Eat some,,scripts/autoload/game_data/GameDataModes.gd:271
60%: every hero heals 30% HP and gains 15 XP · 40%: everyone loses 10% HP,,scripts/autoload/game_data/GameDataModes.gd:271
Harvest them,,scripts/autoload/game_data/GameDataModes.gd:272
Rift Crossroads,,scripts/autoload/game_data/GameDataModes.gd:274
"Two paths: one dives deeper into raw rift energy, one leads to a quiet alcove.",,scripts/autoload/game_data/GameDataModes.gd:274
Push deeper,,scripts/autoload/game_data/GameDataModes.gd:276
Everyone loses 8% HP · +10-16 Essence,,scripts/autoload/game_data/GameDataModes.gd:276
Regroup,,scripts/autoload/game_data/GameDataModes.gd:277
Every hero heals 15% HP · +3 Momentum next fight,,scripts/autoload/game_data/GameDataModes.gd:277
Fallen Banner,,scripts/autoload/game_data/GameDataModes.gd:279
"A guild banner lies in the dust, its bearer long gone. The cloth is still good.",,scripts/autoload/game_data/GameDataModes.gd:279
Raise it,,scripts/autoload/game_data/GameDataModes.gd:281
+3 Renown · a 20-point shield against the next hazard,,scripts/autoload/game_data/GameDataModes.gd:281
Salvage it,,scripts/autoload/game_data/GameDataModes.gd:282
+10 Gold,,scripts/autoload/game_data/GameDataModes.gd:282
Operations Branch,,scripts/autoload/game_data/GameDataModes.gd:353
Barracks,,scripts/autoload/game_data/GameDataModes.gd:354
Infirmary,,scripts/autoload/game_data/GameDataModes.gd:356
Drill Yard,,scripts/autoload/game_data/GameDataModes.gd:358
Infrastructure Branch,,scripts/autoload/game_data/GameDataModes.gd:361
Essence Amplifiers,,scripts/autoload/game_data/GameDataModes.gd:362
Wardstones,,scripts/autoload/game_data/GameDataModes.gd:364
Logistics Branch,,scripts/autoload/game_data/GameDataModes.gd:367
Trade Network,,scripts/autoload/game_data/GameDataModes.gd:368
Scouts' Lodge,,scripts/autoload/game_data/GameDataModes.gd:370
Research Branch,,scripts/autoload/game_data/GameDataModes.gd:373
Relic Vault,,scripts/autoload/game_data/GameDataModes.gd:374
Arcane Lab,Gizem Laboratuvarı,scripts/autoload/game_data/GameDataModes.gd:376
Supply Drop,,scripts/autoload/game_data/GameDataModes.gd:383
Heal every standing hero 35% of their max HP.,,scripts/autoload/game_data/GameDataModes.gd:383
This round the party acts before every foe and hits 30% harder.,,scripts/autoload/game_data/GameDataModes.gd:384
Requisition,,scripts/autoload/game_data/GameDataModes.gd:385
Reroll this fight's loot choices.,,scripts/autoload/game_data/GameDataModes.gd:385
Scout Ahead,,scripts/autoload/game_data/GameDataModes.gd:386
Reroll the paths on the next fork.,,scripts/autoload/game_data/GameDataModes.gd:386
Founding Guild,,scripts/autoload/game_data/GameDataModes.gd:401
Established Guild,,scripts/autoload/game_data/GameDataModes.gd:402
Renowned Guild,,scripts/autoload/game_data/GameDataModes.gd:403
Legendary Guild,,scripts/autoload/game_data/GameDataModes.gd:404
Recruits,,scripts/autoload/game_data/GameDataModes.gd:443
Guild Hall,Lonca Salonu,scripts/autoload/game_data/GameDataModes.gd:444
Heroes,Kahramanlar,scripts/autoload/game_data/GameDataModes.gd:446
Skills,Beceriler,scripts/autoload/game_data/GameDataModes.gd:448
Rift Hall,Yarık Salonu,scripts/autoload/game_data/GameDataModes.gd:451
Items,Eşyalar,scripts/autoload/game_data/GameDataModes.gd:452
Relics,Kalıntılar,scripts/autoload/game_data/GameDataModes.gd:453
The Shattered Vale,,scripts/autoload/game_data/GameDataModes.gd:465
Vaelith,,scripts/autoload/game_data/GameDataModes.gd:465
Vaelith's Breach,,scripts/autoload/game_data/GameDataModes.gd:466
Seal 2 rifts,,scripts/autoload/game_data/GameDataModes.gd:469
Have 3 heroes in the guild,,scripts/autoload/game_data/GameDataModes.gd:469
The Drowned Marches,,scripts/autoload/game_data/GameDataModes.gd:471
Nyxara,,scripts/autoload/game_data/GameDataModes.gd:471
The Drowned Spire,,scripts/autoload/game_data/GameDataModes.gd:472
Seal 2 rifts of Rank C or higher,,scripts/autoload/game_data/GameDataModes.gd:475
Reach 20 Renown,,scripts/autoload/game_data/GameDataModes.gd:475
Seal a Rank C rift,,scripts/autoload/game_data/GameDataModes.gd:475
The Ashen Crown,,scripts/autoload/game_data/GameDataModes.gd:477
Sythrane,,scripts/autoload/game_data/GameDataModes.gd:477
The Heart of the Rift,,scripts/autoload/game_data/GameDataModes.gd:478
Seal a Rank B rift,,scripts/autoload/game_data/GameDataModes.gd:481
Defeat Korrath,,scripts/autoload/game_data/GameDataModes.gd:481
Defeat Drevok,,scripts/autoload/game_data/GameDataModes.gd:481
Complete 3 quests,,scripts/autoload/game_data/GameDataModes.gd:481
First Blood — seal your first Rift,,scripts/autoload/game_data/GameDataModes.gd:507
Monster Hunter — defeat 25 monsters total,,scripts/autoload/game_data/GameDataModes.gd:508
Elite Slayer — win 3 Elite fights,,scripts/autoload/game_data/GameDataModes.gd:509
Boss Breaker — defeat 3 Bosses,,scripts/autoload/game_data/GameDataModes.gd:510
Artisan — craft 3 items or relics,,scripts/autoload/game_data/GameDataModes.gd:511
Full Roster — fill every hero slot,,scripts/autoload/game_data/GameDataModes.gd:512
Guild of the Realm — top the Guild Standings in Renown,,scripts/autoload/game_data/GameDataModes.gd:513
Renowned Guild — reach Renowned Guild tier,,scripts/autoload/game_data/GameDataModes.gd:514
Greater Threat — open the Rank C rift,,scripts/autoload/game_data/GameDataModes.gd:515
The Vale Holds — complete Act I,,scripts/autoload/game_data/GameDataModes.gd:516
Out of the Marshes — complete Act II,,scripts/autoload/game_data/GameDataModes.gd:517
Crownbreaker — complete the campaign,,scripts/autoload/game_data/GameDataModes.gd:518
Rift Warden — seal 25 rifts,,scripts/autoload/game_data/GameDataModes.gd:519
Centurion — defeat 250 monsters,,scripts/autoload/game_data/GameDataModes.gd:520
Kingslayer — defeat 20 Bosses,,scripts/autoload/game_data/GameDataModes.gd:521
Untouched — seal 5 rifts with no one knocked out,,scripts/autoload/game_data/GameDataModes.gd:522
Climber — reach floor 25 of the Tower,,scripts/autoload/game_data/GameDataModes.gd:523
Summit — clear floor 100 of the Tower,,scripts/autoload/game_data/GameDataModes.gd:524
Beyond the Edge — survive 10 minutes in the Endless Rift,,scripts/autoload/game_data/GameDataModes.gd:525
Daily Duty — clear a Daily Rift,,scripts/autoload/game_data/GameDataModes.gd:526
Dedicated — clear Daily Rifts 7 days in a row,,scripts/autoload/game_data/GameDataModes.gd:527
Build Complete — own a 4-piece boon set,,scripts/autoload/game_data/GameDataModes.gd:528
Legendary Guild — reach Legendary Guild tier,,scripts/autoload/game_data/GameDataModes.gd:529
Paragon — raise a hero to Level 10,,scripts/autoload/game_data/GameDataModes.gd:530
Great Hall — have 10 heroes on the roster,,scripts/autoload/game_data/GameDataModes.gd:531
Enraged,,scripts/autoload/game_data/GameDataMonsters.gd:14
Strikes harder the longer the fight drags on (past round 4).,,scripts/autoload/game_data/GameDataMonsters.gd:14
Warded,,scripts/autoload/game_data/GameDataMonsters.gd:15
Shields and dodge cannot mitigate its first two retaliations.,,scripts/autoload/game_data/GameDataMonsters.gd:15
Regenerating,,scripts/autoload/game_data/GameDataMonsters.gd:16
Heals a portion of its health back each round it survives.,,scripts/autoload/game_data/GameDataMonsters.gd:16
Frenzied,,scripts/autoload/game_data/GameDataMonsters.gd:17
Hits harder than expected from the very first round.,,scripts/autoload/game_data/GameDataMonsters.gd:17
Venomous Bite,,scripts/autoload/game_data/GameDataMonsters.gd:37
Mending Pulse,,scripts/autoload/game_data/GameDataMonsters.gd:39
Bone Ward,,scripts/autoload/game_data/GameDataMonsters.gd:41
Death Frenzy,,scripts/autoload/game_data/GameDataMonsters.gd:43
Leeching Mire,,scripts/autoload/game_data/GameDataMonsters.gd:49
Mirrored Edge,,scripts/autoload/game_data/GameDataMonsters.gd:51
Thorn Bulwark,,scripts/autoload/game_data/GameDataMonsters.gd:54
Leech Blessing,,scripts/autoload/game_data/GameDataMonsters.gd:55
Ash Veil,,scripts/autoload/game_data/GameDataMonsters.gd:56
Cornered Fury,,scripts/autoload/game_data/GameDataMonsters.gd:57
Root Grasp,,scripts/autoload/game_data/GameDataMonsters.gd:58
Poison Fog,,scripts/autoload/game_data/GameDataMonsters.gd:73
Cracked Lava Floor,,scripts/autoload/game_data/GameDataMonsters.gd:74
Collapsing Passage,,scripts/autoload/game_data/GameDataMonsters.gd:75
Wailing Wraiths,,scripts/autoload/game_data/GameDataMonsters.gd:76
Sealed Vault Trap,,scripts/autoload/game_data/GameDataMonsters.gd:77
The Ashen Wastes,,scripts/autoload/game_data/GameDataMonsters.gd:104
Call the Horde,,scripts/autoload/game_data/GameDataMonsters.gd:183
"At half health, two foes answer its call.",,scripts/autoload/game_data/GameDataMonsters.gd:183
Fury,,scripts/autoload/game_data/GameDataMonsters.gd:184
At half health it hits 20% harder and winds up heavy blows more often.,,scripts/autoload/game_data/GameDataMonsters.gd:184
At half health it raises a ward worth 12% of its health.,,scripts/autoload/game_data/GameDataMonsters.gd:185
Vampiric,,scripts/autoload/game_data/GameDataMonsters.gd:192
Heals for 25% of the damage it deals.,,scripts/autoload/game_data/GameDataMonsters.gd:192
Thorned,,scripts/autoload/game_data/GameDataMonsters.gd:193
Reflects 15% of the damage it takes back at the attacker.,,scripts/autoload/game_data/GameDataMonsters.gd:193
Shielded,,scripts/autoload/game_data/GameDataMonsters.gd:194
Starts behind a ward worth 20% of its health.,,scripts/autoload/game_data/GameDataMonsters.gd:194
Venomous,,scripts/autoload/game_data/GameDataMonsters.gd:195
Its hits poison.,,scripts/autoload/game_data/GameDataMonsters.gd:195
Juggernaut,,scripts/autoload/game_data/GameDataMonsters.gd:196
Heavily armored: shrugs off 35% of basic attacks.,,scripts/autoload/game_data/GameDataMonsters.gd:196
Blazing,,scripts/autoload/game_data/GameDataMonsters.gd:197
Its hits can set heroes ablaze.,,scripts/autoload/game_data/GameDataMonsters.gd:197
Hasted,,scripts/autoload/game_data/GameDataMonsters.gd:198
Acts twice each round (each hit a little weaker) and never winds up.,,scripts/autoload/game_data/GameDataMonsters.gd:198
Commander,,scripts/autoload/game_data/GameDataMonsters.gd:199
Always brings two (weaker) escorts.,,scripts/autoload/game_data/GameDataMonsters.gd:199
Sweep,,scripts/autoload/game_data/GameDataMonsters.gd:217
Hits every hero for %d%% of a normal hit. Defend halves it for whoever Defends.,,scripts/autoload/game_data/GameDataMonsters.gd:217
Snipe,,scripts/autoload/game_data/GameDataMonsters.gd:218
A heavier shot at the most-hurt hero in the back row. Guard can take it for them.,,scripts/autoload/game_data/GameDataMonsters.gd:218
Curse,,scripts/autoload/game_data/GameDataMonsters.gd:219
"No damage, but the target deals 40%% less for 2 rounds. Sanctuary cleanses it.",,scripts/autoload/game_data/GameDataMonsters.gd:219
Ward,,scripts/autoload/game_data/GameDataMonsters.gd:220
Shields its most-hurt ally for 20%% of their max HP. Aimed Shot ignores wards.,,scripts/autoload/game_data/GameDataMonsters.gd:220
Mend,,scripts/autoload/game_data/GameDataMonsters.gd:221
Heals its most-hurt ally. Kill or stun it first.,,scripts/autoload/game_data/GameDataMonsters.gd:221
Roar,,scripts/autoload/game_data/GameDataMonsters.gd:222
Every foe hits 20%% harder for the rest of the fight (up to twice). Stun it to stop it.,,scripts/autoload/game_data/GameDataMonsters.gd:222
Stunned,,scripts/autoload/game_data/GameDataMonsters.gd:223
Loses its next action.,,scripts/autoload/game_data/GameDataMonsters.gd:223
Harvest,,scripts/autoload/game_data/GameDataMonsters.gd:224
"Hits every hero and heals the boss for half of it. Defend, or ward the party.",,scripts/autoload/game_data/GameDataMonsters.gd:224
Drowning Tide,,scripts/autoload/game_data/GameDataMonsters.gd:225
Chills and weakens every hero (they act late and deal 40%% less next round). Sanctuary or a Healing Tonic cleanses it.,,scripts/autoload/game_data/GameDataMonsters.gd:225
Sunder,,scripts/autoload/game_data/GameDataMonsters.gd:226
"Tears the wards off every front-row hero and hits them hard. Move a hurt hero back, or Defend.",,scripts/autoload/game_data/GameDataMonsters.gd:226
Brand,,scripts/autoload/game_data/GameDataMonsters.gd:227
Marks a hero: they take 50%% more damage for 2 rounds. Guard them.,,scripts/autoload/game_data/GameDataMonsters.gd:227
Immolate,,scripts/autoload/game_data/GameDataMonsters.gd:228
Sets every hero burning for 3 rounds. Sanctuary or a Healing Tonic puts it out.,,scripts/autoload/game_data/GameDataMonsters.gd:228
Scarecrow Line,,scripts/autoload/game_data/GameDataMonsters.gd:247
"The Warden wards its friends and the Wisp mends them. Take the Wisp first, or strip the wards.",,scripts/autoload/game_data/GameDataMonsters.gd:247
Murder of Crows,,scripts/autoload/game_data/GameDataMonsters.gd:249
Criers curse and roar from the back. Silence them before the roars stack.,,scripts/autoload/game_data/GameDataMonsters.gd:249
Rootbound Ambush,,scripts/autoload/game_data/GameDataMonsters.gd:251
"The Thrall's sweeps hit the whole party. Defend, or stun its wind-up.",,scripts/autoload/game_data/GameDataMonsters.gd:251
Graveyard Shift,,scripts/autoload/game_data/GameDataMonsters.gd:253
"The Crawler mends the Reaver while the Crier curses. Break the healer, then the brute.",,scripts/autoload/game_data/GameDataMonsters.gd:253
Stalker Pack,,scripts/autoload/game_data/GameDataMonsters.gd:255
Poison stacks fast. A Healing Tonic or Sanctuary washes it out.,,scripts/autoload/game_data/GameDataMonsters.gd:255
The Leech Mass,,scripts/autoload/game_data/GameDataMonsters.gd:259
The Priest keeps the Wretches fed. Kill it first.,,scripts/autoload/game_data/GameDataMonsters.gd:259
Reed Snipers,,scripts/autoload/game_data/GameDataMonsters.gd:261
"Snipers hunt the back row behind their Anchorite. Guard your healer, or Taunt.",,scripts/autoload/game_data/GameDataMonsters.gd:261
Bell and Mirror,,scripts/autoload/game_data/GameDataMonsters.gd:263
The Fiend reflects basic hits and the Bell curses. Skills and Aimed Shot go around the mirror.,,scripts/autoload/game_data/GameDataMonsters.gd:263
Silt Swarm,,scripts/autoload/game_data/GameDataMonsters.gd:265
Three drainers heal off every hit. Volley and Frost Nova hit them all.,,scripts/autoload/game_data/GameDataMonsters.gd:265
Frozen Watch,,scripts/autoload/game_data/GameDataMonsters.gd:267
Chills slow your turns and the Priest mends. Burst the Priest down.,,scripts/autoload/game_data/GameDataMonsters.gd:267
Forge Guard,,scripts/autoload/game_data/GameDataMonsters.gd:271
"The Oracle wards the Golem, and the Golem's sweeps burn. Take the Oracle first.",,scripts/autoload/game_data/GameDataMonsters.gd:271
Ash Flock,,scripts/autoload/game_data/GameDataMonsters.gd:273
Harriers snipe and hit harder when hurt. Finish each one quickly.,,scripts/autoload/game_data/GameDataMonsters.gd:273
Cinder Cult,,scripts/autoload/game_data/GameDataMonsters.gd:275
Everything here burns. Keep a cleanse ready.,,scripts/autoload/game_data/GameDataMonsters.gd:275
Void Tear,,scripts/autoload/game_data/GameDataMonsters.gd:277
The Reaver winds up while the Sprites harry. Break the wind-up.,,scripts/autoload/game_data/GameDataMonsters.gd:277
Molten Wall,,scripts/autoload/game_data/GameDataMonsters.gd:279
Two armored brutes. Armor breakers and stuns shine here.,,scripts/autoload/game_data/GameDataMonsters.gd:279
Her Harvest hits everyone and heals her. At half health she calls a Crier and a Warden. Defend through the Harvest; kill the Crier fast.,,scripts/autoload/game_data/GameDataMonsters.gd:292
"The Drowning Tide chills and weakens the whole party, and her ward shrugs off early defence. Cleanse the curse; save your burst for after her barrier rises.",,scripts/autoload/game_data/GameDataMonsters.gd:294
"Sunder tears the wards off the front row and hits hard, and he angers every round. Rotate the front row and end it quickly.",,scripts/autoload/game_data/GameDataMonsters.gd:296
Brand marks a hero to take 50% more damage. At half health he calls fire cultists. Guard the branded hero.,,scripts/autoload/game_data/GameDataMonsters.gd:298
Immolate sets the whole party burning while she regenerates and grows angrier. Cleanse the burns and never let up.,,scripts/autoload/game_data/GameDataMonsters.gd:300
Reckless Swing,,scripts/autoload/game_data/GameDataSkills.gd:21
An all-in burst against the weakest foe.,,scripts/autoload/game_data/GameDataSkills.gd:21
Shield Brace,,scripts/autoload/game_data/GameDataSkills.gd:22
Cripples the greatest threat's damage output for the rest of this fight.,,scripts/autoload/game_data/GameDataSkills.gd:22
Stands ready: the next 3 hits on this hero are answered with a counter-strike.,,scripts/autoload/game_data/GameDataSkills.gd:23
Unyielding Wall,,scripts/autoload/game_data/GameDataSkills.gd:24
Draws every foe's attacks this round (30% less from them) and wards themself for 30% of max HP.,,scripts/autoload/game_data/GameDataSkills.gd:24
Blood Frenzy,,scripts/autoload/game_data/GameDataSkills.gd:25
Sacrifices own HP for a heavy burst on the weakest foe.,,scripts/autoload/game_data/GameDataSkills.gd:25
Fortify,,scripts/autoload/game_data/GameDataSkills.gd:26
Braces the party against a wipe for the rest of this fight.,,scripts/autoload/game_data/GameDataSkills.gd:26
Open Wound,,scripts/autoload/game_data/GameDataSkills.gd:27
"For the rest of the fight, the party's hits heal the attacker for 20% of the damage.",,scripts/autoload/game_data/GameDataSkills.gd:27
Inscribed Strike,,scripts/autoload/game_data/GameDataSkills.gd:28
Inscribes every blade in the party — damage surges for the rest of this fight.,,scripts/autoload/game_data/GameDataSkills.gd:28
Undying Vow,,scripts/autoload/game_data/GameDataSkills.gd:29
This round the hero takes half damage and can't fall below 1 HP.,,scripts/autoload/game_data/GameDataSkills.gd:116
Sovereign's Wrath,,scripts/autoload/game_data/GameDataSkills.gd:30
A wave of damage sweeps every foe.,,scripts/autoload/game_data/GameDataSkills.gd:101
Battlefield Patch,,scripts/autoload/game_data/GameDataSkills.gd:32
Mends the whole party.,,scripts/autoload/game_data/GameDataSkills.gd:114
Light Feet,,scripts/autoload/game_data/GameDataSkills.gd:33
+35% dodge for the whole party until the round ends.,,scripts/autoload/game_data/GameDataSkills.gd:119
First Through,,scripts/autoload/game_data/GameDataSkills.gd:34
Two quick strikes at the target.,,scripts/autoload/game_data/GameDataSkills.gd:109
Unbothered,,scripts/autoload/game_data/GameDataSkills.gd:35
Wards every hero in the front row for 30% of their max HP.,,scripts/autoload/game_data/GameDataSkills.gd:35
Growing Anger,,scripts/autoload/game_data/GameDataSkills.gd:36
Damage escalates faster for the rest of this fight.,,scripts/autoload/game_data/GameDataSkills.gd:120
On Principle,,scripts/autoload/game_data/GameDataSkills.gd:37
Meet the Charge,,scripts/autoload/game_data/GameDataSkills.gd:38
A heavy blow at the target that stuns it (bosses only lose their wind-up).,,scripts/autoload/game_data/GameDataSkills.gd:38
First Crack,,scripts/autoload/game_data/GameDataSkills.gd:39
Shatters the target's armor and ward; it takes 15% more damage for the rest of the fight.,,scripts/autoload/game_data/GameDataSkills.gd:39
Snare Volley,,scripts/autoload/game_data/GameDataSkills.gd:41
Sets a snare: the next foe to attack is hit hard and loses that attack.,,scripts/autoload/game_data/GameDataSkills.gd:41
Improvised Shot,,scripts/autoload/game_data/GameDataSkills.gd:42
A burst against the weakest foe.,,scripts/autoload/game_data/GameDataSkills.gd:42
Sure Footing,,scripts/autoload/game_data/GameDataSkills.gd:43
Shields the whole party lightly.,,scripts/autoload/game_data/GameDataSkills.gd:104
One Arrow,,scripts/autoload/game_data/GameDataSkills.gd:44
"A finishing blow against the weakest foe, stronger the lower they are.",,scripts/autoload/game_data/GameDataSkills.gd:100
Opening Performance,,scripts/autoload/game_data/GameDataSkills.gd:45
A finishing sweep against every wounded foe.,,scripts/autoload/game_data/GameDataSkills.gd:45
Walked Worse Halls,,scripts/autoload/game_data/GameDataSkills.gd:46
Chase the Lightning,,scripts/autoload/game_data/GameDataSkills.gd:47
"Lightning strikes three times, jumping between foes.",,scripts/autoload/game_data/GameDataSkills.gd:47
Read the Room,,scripts/autoload/game_data/GameDataSkills.gd:48
+7 Momentum for the party (it costs 4).,,scripts/autoload/game_data/GameDataSkills.gd:48
Reversed Trap,,scripts/autoload/game_data/GameDataSkills.gd:49
Sets a heavy snare: the next foe to attack is hit hard and loses that attack.,,scripts/autoload/game_data/GameDataSkills.gd:49
Half-Step Out,,scripts/autoload/game_data/GameDataSkills.gd:50
+dodge chance for the rest of this fight.,,scripts/autoload/game_data/GameDataSkills.gd:108
Scent in the Dark,,scripts/autoload/game_data/GameDataSkills.gd:52
Weakens every foe's damage for the rest of this fight.,,scripts/autoload/game_data/GameDataSkills.gd:52
Exact Shot,,scripts/autoload/game_data/GameDataSkills.gd:53
Finds the gap: breaks the target's armor and ward; it takes 15% more damage for the rest of the fight.,,scripts/autoload/game_data/GameDataSkills.gd:53
Watching the Dark,,scripts/autoload/game_data/GameDataSkills.gd:54
Marks the target: it takes 30% more damage from every hero for the rest of the fight.,,scripts/autoload/game_data/GameDataSkills.gd:54
Field Dressing,,scripts/autoload/game_data/GameDataSkills.gd:55
Gone Before the Echo,,scripts/autoload/game_data/GameDataSkills.gd:56
+40% dodge for the whole party until the round ends.,,scripts/autoload/game_data/GameDataSkills.gd:56
True on the Wind,,scripts/autoload/game_data/GameDataSkills.gd:57
The One Seam,,scripts/autoload/game_data/GameDataSkills.gd:58
Tears every foe's armor and ward away and hits each of them.,,scripts/autoload/game_data/GameDataSkills.gd:58
Colder Every Shot,,scripts/autoload/game_data/GameDataSkills.gd:59
"Freezes the target: it loses its next two actions (a boss, one).",,scripts/autoload/game_data/GameDataSkills.gd:59
Eclipse Volley,,scripts/autoload/game_data/GameDataSkills.gd:60
Unsteady Spark,,scripts/autoload/game_data/GameDataSkills.gd:62
First Spark,,scripts/autoload/game_data/GameDataSkills.gd:63
Sets every foe burning for three rounds.,,scripts/autoload/game_data/GameDataSkills.gd:63
Half-Second Warning,,scripts/autoload/game_data/GameDataSkills.gd:64
Warming Cast,,scripts/autoload/game_data/GameDataSkills.gd:65
Cold Study,,scripts/autoload/game_data/GameDataSkills.gd:66
Faster Ward,,scripts/autoload/game_data/GameDataSkills.gd:67
Shields the lowest-HP ally.,,scripts/autoload/game_data/GameDataSkills.gd:67
Building Storm,,scripts/autoload/game_data/GameDataSkills.gd:68
Wildfire,,scripts/autoload/game_data/GameDataSkills.gd:69
Thunder's Door,,scripts/autoload/game_data/GameDataSkills.gd:70
"Thunder strikes three times, jumping between foes.",,scripts/autoload/game_data/GameDataSkills.gd:70
No Name Holds It,,scripts/autoload/game_data/GameDataSkills.gd:71
A heavy burst against the weakest foe.,,scripts/autoload/game_data/GameDataSkills.gd:71
Grown of Will,,scripts/autoload/game_data/GameDataSkills.gd:73
The Quiet Spell,,scripts/autoload/game_data/GameDataSkills.gd:74
Bark and Stone,,scripts/autoload/game_data/GameDataSkills.gd:75
One More Round,,scripts/autoload/game_data/GameDataSkills.gd:76
Raises a fallen ally at 40% HP (or heals the most-hurt ally).,,scripts/autoload/game_data/GameDataSkills.gd:76
Root and Leaf,,scripts/autoload/game_data/GameDataSkills.gd:77
"Heals the whole party 35% and cleanses burn, poison, chill, stun and curses.",,scripts/autoload/game_data/GameDataSkills.gd:77
Sees It Land First,,scripts/autoload/game_data/GameDataSkills.gd:78
Ends in Fire,,scripts/autoload/game_data/GameDataSkills.gd:79
Warded Before It Forms,,scripts/autoload/game_data/GameDataSkills.gd:80
Quick Bandage,,scripts/autoload/game_data/GameDataSkills.gd:82
Mends and shields the lowest-HP ally at once.,,scripts/autoload/game_data/GameDataSkills.gd:118
Quiet Prayer,,scripts/autoload/game_data/GameDataSkills.gd:83
"Heals the whole party 30% and cleanses burn, poison, chill, stun and curses.",,scripts/autoload/game_data/GameDataSkills.gd:83
Field Kit,,scripts/autoload/game_data/GameDataSkills.gd:84
Censer Swing,,scripts/autoload/game_data/GameDataSkills.gd:85
A swing at the target that stuns it (bosses only lose their wind-up).,,scripts/autoload/game_data/GameDataSkills.gd:85
Keep Moving,,scripts/autoload/game_data/GameDataSkills.gd:86
Faith and Blade,,scripts/autoload/game_data/GameDataSkills.gd:87
Pays 20% of their own HP: +3 Momentum and +15% party damage for the rest of the fight.,,scripts/autoload/game_data/GameDataSkills.gd:87
Faster Than the Wounds,,scripts/autoload/game_data/GameDataSkills.gd:88
Raises a fallen ally at 50% HP (or heals the most-hurt ally).,,scripts/autoload/game_data/GameDataSkills.gd:88
First Light,,scripts/autoload/game_data/GameDataSkills.gd:89
Not Today,,scripts/autoload/game_data/GameDataSkills.gd:90
Faster Brew,,scripts/autoload/game_data/GameDataSkills.gd:91
Last Light,,scripts/autoload/game_data/GameDataSkills.gd:92
Lit Candle,,scripts/autoload/game_data/GameDataSkills.gd:94
Lights every blade with sacred fire — damage surges for the rest of this fight.,,scripts/autoload/game_data/GameDataSkills.gd:94
Keeps the Chill Out,,scripts/autoload/game_data/GameDataSkills.gd:95
Blessed Blade,,scripts/autoload/game_data/GameDataSkills.gd:96
Fire in the Cold,,scripts/autoload/game_data/GameDataSkills.gd:97
Wards every hero in the front row for 35% of their max HP.,,scripts/autoload/game_data/GameDataSkills.gd:97
Brief Absolution,,scripts/autoload/game_data/GameDataSkills.gd:98
Finishes the target outright if it's below 35% HP (not a boss); otherwise a heavy blow.,,scripts/autoload/game_data/GameDataSkills.gd:121
Fasting Vigil,,scripts/autoload/game_data/GameDataSkills.gd:99
"Heals the whole party 40% and cleanses burn, poison, chill, stun and curses.",,scripts/autoload/game_data/GameDataSkills.gd:99
Leads With Light,,scripts/autoload/game_data/GameDataSkills.gd:100
First Word,,scripts/autoload/game_data/GameDataSkills.gd:101
Know the Puddles,,scripts/autoload/game_data/GameDataSkills.gd:103
+30% dodge for the whole party until the round ends.,,scripts/autoload/game_data/GameDataSkills.gd:103
Never Fought Fair,,scripts/autoload/game_data/GameDataSkills.gd:104
Leaves With More,,scripts/autoload/game_data/GameDataSkills.gd:105
"A burst against the weakest foe, healing the caster for a share of the damage.",,scripts/autoload/game_data/GameDataSkills.gd:105
Never Where You Struck,,scripts/autoload/game_data/GameDataSkills.gd:106
Nobody Heard Them,,scripts/autoload/game_data/GameDataSkills.gd:107
+chance to counter-attack for the rest of this fight.,,scripts/autoload/game_data/GameDataSkills.gd:107
Barely Noticed,,scripts/autoload/game_data/GameDataSkills.gd:108
Getting Faster,,scripts/autoload/game_data/GameDataSkills.gd:109
Strikes From the Dark,,scripts/autoload/game_data/GameDataSkills.gd:110
"A heavy burst against the weakest foe, healing the caster for a share of the damage.",,scripts/autoload/game_data/GameDataSkills.gd:110
Two Footprints,,scripts/autoload/game_data/GameDataSkills.gd:111
Between Heartbeats,,scripts/autoload/game_data/GameDataSkills.gd:112
Unpoisoned Plants,,scripts/autoload/game_data/GameDataSkills.gd:114
Warded Vault,,scripts/autoload/game_data/GameDataSkills.gd:115
Picks every foe's armor and ward apart and hits each of them.,,scripts/autoload/game_data/GameDataSkills.gd:115
Tougher Than It Looks,,scripts/autoload/game_data/GameDataSkills.gd:116
Reads the Seams,,scripts/autoload/game_data/GameDataSkills.gd:117
Reads every seam: strips each foe's armor and ward and hits them.,,scripts/autoload/game_data/GameDataSkills.gd:117
The Undergrowth Hides More,,scripts/autoload/game_data/GameDataSkills.gd:118
Half Out of Reality,,scripts/autoload/game_data/GameDataSkills.gd:119
Thinner and Faster,,scripts/autoload/game_data/GameDataSkills.gd:120
Already Struck,,scripts/autoload/game_data/GameDataSkills.gd:121
Honed Edge,,scripts/autoload/game_data/GameDataSkills.gd:192
Thick Hide,,scripts/autoload/game_data/GameDataSkills.gd:193
Trueshot Aim,,scripts/autoload/game_data/GameDataSkills.gd:196
Woodland Step,,scripts/autoload/game_data/GameDataSkills.gd:197
Arcane Focus,,scripts/autoload/game_data/GameDataSkills.gd:200
Warding Sigil,,scripts/autoload/game_data/GameDataSkills.gd:201
Devotion,,scripts/autoload/game_data/GameDataSkills.gd:204
Opening Strike,,scripts/autoload/game_data/GameDataSkills.gd:208
Shadow Step,,scripts/autoload/game_data/GameDataSkills.gd:209
Weapon Mastery,,scripts/autoload/game_data/GameDataSkills.gd:234
Killing Instinct,,scripts/autoload/game_data/GameDataSkills.gd:235
Opening Fury,,scripts/autoload/game_data/GameDataSkills.gd:236
Battle Fury,,scripts/autoload/game_data/GameDataSkills.gd:237
Executioner's Edge,,scripts/autoload/game_data/GameDataSkills.gd:238
Bloodletter's Patience,,scripts/autoload/game_data/GameDataSkills.gd:239
Killing Blow,,scripts/autoload/game_data/GameDataSkills.gd:240
Endless Fury,,scripts/autoload/game_data/GameDataSkills.gd:241
Iron Skin,,scripts/autoload/game_data/GameDataSkills.gd:244
Steady Guard,,scripts/autoload/game_data/GameDataSkills.gd:245
Fortified Stance,,scripts/autoload/game_data/GameDataSkills.gd:247
Unbreakable,,scripts/autoload/game_data/GameDataSkills.gd:248
Stone Sentinel,,scripts/autoload/game_data/GameDataSkills.gd:249
Immovable,,scripts/autoload/game_data/GameDataSkills.gd:250
Bulwark's Ward,,scripts/autoload/game_data/GameDataSkills.gd:251
Focused Opening,,scripts/autoload/game_data/GameDataSkills.gd:254
Light on Feet,,scripts/autoload/game_data/GameDataSkills.gd:255
Precise Read,,scripts/autoload/game_data/GameDataSkills.gd:256
Predator's Focus,,scripts/autoload/game_data/GameDataSkills.gd:257
Perfect Opening,,scripts/autoload/game_data/GameDataSkills.gd:258
Assassin's Gambit,,scripts/autoload/game_data/GameDataSkills.gd:259
Flawless Strike,,scripts/autoload/game_data/GameDataSkills.gd:260
Silent Kill,,scripts/autoload/game_data/GameDataSkills.gd:261
Building Momentum,,scripts/autoload/game_data/GameDataSkills.gd:264
Adrenaline,,scripts/autoload/game_data/GameDataSkills.gd:265
Second Breath,,scripts/autoload/game_data/GameDataSkills.gd:266
Rising Tide,,scripts/autoload/game_data/GameDataSkills.gd:267
Unstoppable Momentum,,scripts/autoload/game_data/GameDataSkills.gd:268
Berserker's Peak,,scripts/autoload/game_data/GameDataSkills.gd:269
Boundless Fury,,scripts/autoload/game_data/GameDataSkills.gd:270
Overwhelming Force,,scripts/autoload/game_data/GameDataSkills.gd:271
Smite,,scripts/autoload/game_data/GameDataSkills.gd:274
Mending Chant,,scripts/autoload/game_data/GameDataSkills.gd:275
Ward of Mercy,,scripts/autoload/game_data/GameDataSkills.gd:276
Battle Cleric's Vow,,scripts/autoload/game_data/GameDataSkills.gd:277
Guardian Angel,,scripts/autoload/game_data/GameDataSkills.gd:278
Vengeful Light,,scripts/autoload/game_data/GameDataSkills.gd:279
Divine Grace,,scripts/autoload/game_data/GameDataSkills.gd:280
Smiting Wrath,,scripts/autoload/game_data/GameDataSkills.gd:281
Danger Sense,,scripts/autoload/game_data/GameDataSkills.gd:284
Preemptive Strike,,scripts/autoload/game_data/GameDataSkills.gd:285
Steady Hand,,scripts/autoload/game_data/GameDataSkills.gd:286
Vigilant Heart,,scripts/autoload/game_data/GameDataSkills.gd:287
Unshakeable,,scripts/autoload/game_data/GameDataSkills.gd:288
Riposte Mastery,,scripts/autoload/game_data/GameDataSkills.gd:289
Untouchable,,scripts/autoload/game_data/GameDataSkills.gd:290
Perfect Riposte,,scripts/autoload/game_data/GameDataSkills.gd:291
Evasive Training,,scripts/autoload/game_data/GameDataSkills.gd:299
Fleeting Strike,,scripts/autoload/game_data/GameDataSkills.gd:300
Opening Gambit,,scripts/autoload/game_data/GameDataSkills.gd:301
Phantom Step,,scripts/autoload/game_data/GameDataSkills.gd:302
Shadow Strike,,scripts/autoload/game_data/GameDataSkills.gd:303
Untouchable Form,,scripts/autoload/game_data/GameDataSkills.gd:304
Riposte Flow,,scripts/autoload/game_data/GameDataSkills.gd:305
Killer's Shadow,,scripts/autoload/game_data/GameDataSkills.gd:306
Ghost Step,,scripts/autoload/game_data/GameDataSkills.gd:307
Counterflow Mastery,,scripts/autoload/game_data/GameDataSkills.gd:308
Shield Wall,,scripts/autoload/game_data/GameDataSkills.gd:311
Vanguard Strike,,scripts/autoload/game_data/GameDataSkills.gd:312
Battle Instinct,,scripts/autoload/game_data/GameDataSkills.gd:313
Guardian's Resolve,,scripts/autoload/game_data/GameDataSkills.gd:314
Last Stand,,scripts/autoload/game_data/GameDataSkills.gd:315
Undying Vanguard,,scripts/autoload/game_data/GameDataSkills.gd:316
Defiant to the End,,scripts/autoload/game_data/GameDataSkills.gd:317
Iron Will,,scripts/autoload/game_data/GameDataSkills.gd:318
Arcane Buildup,,scripts/autoload/game_data/GameDataSkills.gd:327
Ward Sigil,,scripts/autoload/game_data/GameDataSkills.gd:328
Arcane Slip,,scripts/autoload/game_data/GameDataSkills.gd:329
Arcane Convergence,,scripts/autoload/game_data/GameDataSkills.gd:330
Cataclysm,,scripts/autoload/game_data/GameDataSkills.gd:331
World Ender,,scripts/autoload/game_data/GameDataSkills.gd:332
Headsman's Creed,,scripts/autoload/game_data/GameDataSkills.gd:344
Bulwark Oath,,scripts/autoload/game_data/GameDataSkills.gd:346
Ambush Doctrine,,scripts/autoload/game_data/GameDataSkills.gd:348
Slow Burn,,scripts/autoload/game_data/GameDataSkills.gd:350
Martyr's Grace,,scripts/autoload/game_data/GameDataSkills.gd:352
Iron Discipline,,scripts/autoload/game_data/GameDataSkills.gd:354
Phantom Riposte,,scripts/autoload/game_data/GameDataSkills.gd:356
Undying,,scripts/autoload/game_data/GameDataSkills.gd:358
Giantslayer,,scripts/autoload/game_data/GameDataSkills.gd:360
Shieldbearer,,scripts/autoload/game_data/GameDataSkills.gd:368
Hunter's Mark,,scripts/autoload/game_data/GameDataSkills.gd:370
Arcane Surge,,scripts/autoload/game_data/GameDataSkills.gd:372
Beacon,,scripts/autoload/game_data/GameDataSkills.gd:374
Opportunist,,scripts/autoload/game_data/GameDataSkills.gd:376
Stonebound Ability,,scripts/autoload/game_data/GameDataSkills.gd:396
Riftborn,,scripts/autoload/game_data/GameDataSkills.gd:399
Pathfinder,,scripts/autoload/game_data/GameDataSkills.gd:531
Arcane Tide,,scripts/autoload/game_data/GameDataSkills.gd:532
Rallying Stand,,scripts/autoload/game_data/GameDataSkills.gd:539
shields every ally for 30% of their max HP,,scripts/autoload/game_data/GameDataSkills.gd:539
Blade Storm,,scripts/autoload/game_data/GameDataSkills.gd:540
a storm of blades hits every foe hard,,scripts/autoload/game_data/GameDataSkills.gd:540
Killshot,,scripts/autoload/game_data/GameDataSkills.gd:541
"a huge shot at the weakest foe, stronger the more it's hurt",,scripts/autoload/game_data/GameDataSkills.gd:541
arcane fire engulfs every foe,,scripts/autoload/game_data/GameDataSkills.gd:542
heals the whole party for 60% of their max HP,,scripts/autoload/game_data/GameDataSkills.gd:543
Shield Bash,,scripts/autoload/game_data/GameDataSkills.gd:581
Hits the target for 110% and stuns it: it loses its next action and any wind-up. Bosses only lose the wind-up.,,scripts/autoload/game_data/GameDataSkills.gd:582
Taunt,,scripts/autoload/game_data/GameDataSkills.gd:583
"Every foe aims its attacks at this hero until the round ends, and this hero takes 30% less from them.",,scripts/autoload/game_data/GameDataSkills.gd:584
Aimed Shot,,scripts/autoload/game_data/GameDataSkills.gd:587
A 180% shot at the target that ignores armor and wards.,,scripts/autoload/game_data/GameDataSkills.gd:588
Volley,,scripts/autoload/game_data/GameDataSkills.gd:589
Hits every foe for 70%.,,scripts/autoload/game_data/GameDataSkills.gd:590
Arcane Bolt,,scripts/autoload/game_data/GameDataSkills.gd:593
A 170% bolt at the target.,,scripts/autoload/game_data/GameDataSkills.gd:594
Frost Nova,,scripts/autoload/game_data/GameDataSkills.gd:595
Hits every foe for 60% and breaks every wind-up.,,scripts/autoload/game_data/GameDataSkills.gd:596
Heal,İyileştir,scripts/autoload/game_data/GameDataSkills.gd:599
Heals the most-hurt ally for 30% of their max HP.,,scripts/autoload/game_data/GameDataSkills.gd:600
"Wards every ally for 15% of their max HP and cleanses burn, poison, chill, stun and curses.",,scripts/autoload/game_data/GameDataSkills.gd:602
Backstab,,scripts/autoload/game_data/GameDataSkills.gd:605
"Hits the target for 150%, or 250% if it is winding up or below half health.",,scripts/autoload/game_data/GameDataSkills.gd:606
Smoke Bomb,,scripts/autoload/game_data/GameDataSkills.gd:607
Button,,scripts/survivors/SurvivorsView.gd:210
[The warden falls],[Bekçi düşüyor],scripts/survivors/SurvivorsView.gd:339
[An elite falls],[Bir seçkin düşüyor],scripts/survivors/SurvivorsView.gd:339
The Rift Warden: %s!,Yarık Bekçisi: %s!,scripts/survivors/SurvivorsView.gd:353
Bring it down to seal the rift,Yarığı mühürlemek için onu yık,scripts/survivors/SurvivorsView.gd:353
%s emerges!,%s ortaya çıkıyor!,scripts/survivors/SurvivorsView.gd:355
[%s roars],[%s kükrüyor],scripts/survivors/SurvivorsView.gd:356
[A chest drops],[Bir sandık düşüyor],scripts/survivors/SurvivorsView.gd:361
Healed!,İyileşti!,scripts/survivors/SurvivorsView.gd:368
Shards come to you,Parçalar sana geliyor,scripts/survivors/SurvivorsView.gd:368
Boom!,Bum!,scripts/survivors/SurvivorsView.gd:368
[A slam hits the party],[Bir darbe ekibe çarpıyor],scripts/survivors/SurvivorsView.gd:378
[Ground slam],[Yere vuruş],scripts/survivors/SurvivorsView.gd:380
The rift is sealed!,Yarık mühürlendi!,scripts/survivors/SurvivorsView.gd:382
%s calls the horde!,%s sürüyü çağırıyor!,scripts/survivors/SurvivorsView.gd:385
[%s is down],[%s yere düştü],scripts/survivors/SurvivorsView.gd:387
A hero,Bir kahraman,scripts/survivors/SurvivorsView.gd:399
Pause,Duraklat,scripts/survivors/SurvivorsView.gd:487
"Move: WASD / arrows, or drag  ·  Pause: Esc",Hareket: WASD / oklar ya da sürükle  ·  Duraklat: Esc,scripts/survivors/SurvivorsView.gd:536
%d kills,%d öldürme,scripts/survivors/SurvivorsView.gd:572
Level %d,Seviye %d,scripts/survivors/SurvivorsView.gd:573
Everything is maxed — carry on,Her şey en üst seviyede — devam et,scripts/survivors/SurvivorsView.gd:726
A rift chest,Bir yarık sandığı,scripts/survivors/SurvivorsView.gd:731
Take one relic for the rest of this run,Bu koşunun geri kalanı için bir kalıntı al,scripts/survivors/SurvivorsView.gd:733
Every relic found: take 60 gold,Tüm kalıntılar bulundu: 60 altın al,scripts/survivors/SurvivorsView.gd:737
Paused,Duraklatıldı,scripts/survivors/SurvivorsView.gd:799
Upgrades: ,Geliştirmeler: ,scripts/survivors/SurvivorsView.gd:802
none yet,henüz yok,scripts/survivors/SurvivorsView.gd:802
Resume,Devam et,scripts/survivors/SurvivorsView.gd:807
Leave the rift (keep what you've earned),Yarıktan ayrıl (kazandıkların sende kalır),scripts/survivors/SurvivorsView.gd:811
The rift closes,Yarık kapanıyor,scripts/survivors/SurvivorsView.gd:844
Sealed at %d:%02d,%d:%02d'da mühürlendi,scripts/survivors/SurvivorsView.gd:846
Survived %d:%02d,%d:%02d dayanıldı,scripts/survivors/SurvivorsView.gd:846
  — a new best!,  — yeni rekor!,scripts/survivors/SurvivorsView.gd:846
%d kills · %d elites · %d wardens · reached level %d,%d öldürme · %d seçkin · %d bekçi · ulaşılan seviye %d,scripts/survivors/SurvivorsView.gd:847
+%d gold · +%d essence · +%d XP for every hero,+%d altın · +%d öz · her kahramana +%d TP,scripts/survivors/SurvivorsView.gd:848
Found: %s,Bulundu: %s,scripts/survivors/SurvivorsView.gd:851
Milestone! ,Kilometre taşı! ,scripts/survivors/SurvivorsView.gd:853
Return to the guild,Loncaya dön,scripts/survivors/SurvivorsView.gd:860
Space,,scripts/ui/BattleView.gd:256
Tab,,scripts/ui/BattleView.gd:257
Escape,,scripts/ui/BattleView.gd:276
Turn order,Sıra,scripts/ui/BattleView.gd:407
Acting now: ,Şimdi oynayan: ,scripts/ui/BattleView.gd:440
[Heavy blow on %s],[Ağır darbe: %s],scripts/ui/BattleView.gd:634
Boss,Boss,scripts/ui/BattleView.gd:937
Elite,Seçkin,scripts/ui/BattleView.gd:2346
Combat,Dövüş,scripts/ui/BattleView.gd:937
A %s encounter awaits.,Seni bir karşılaşma bekliyor: %s.,scripts/ui/BattleView.gd:938
+%d%% damage and HP,+%%%d hasar ve can,scripts/ui/BattleView.gd:941
Vanguard first strike,Öncü ilk vuruşu,scripts/ui/BattleView.gd:943
+3 starting Momentum,+3 başlangıç İvmesi,scripts/ui/BattleView.gd:945
Drill Yard: ,Talim Alanı: ,scripts/ui/BattleView.gd:947
Quick fight  (Q),Hızlı dövüş  (Q),scripts/ui/BattleView.gd:951
Play the whole fight out instantly on Auto and jump to the result,Tüm dövüşü Oto ile anında oyna ve sonuca geç,scripts/ui/BattleView.gd:954
Engage  (Space),Çatış  (Boşluk),scripts/ui/BattleView.gd:958
%s · %d round%s,%s · %d tur%s,scripts/ui/BattleView.gd:984
Hide log,Kaydı gizle,scripts/ui/BattleView.gd:985
Fight log,Dövüş kaydı,scripts/ui/BattleView.gd:985
Show or hide the full fight log,Tam dövüş kaydını göster ya da gizle,scripts/ui/BattleView.gd:985
Victory!,Zafer!,scripts/ui/BattleView.gd:1014
 (%d from Amplifiers), (%d Güçlendiricilerden),scripts/ui/BattleView.gd:1025
  +%d Essence cache (Resonance),  +%d Öz zulası (Rezonans),scripts/ui/BattleView.gd:1027
  +%d extracted,  +%d çıkarıldı,scripts/ui/BattleView.gd:1030
"Flawless, by hand: +%d Gold (no one went down and you played every turn).","Kusursuz, elle: +%d Altın (kimse düşmedi ve her turu sen oynadın).",scripts/ui/BattleView.gd:1036
"%s made it through safely — +2 Renown, +1 Token.","%s sağ salim çıktı — +2 Ün, +1 Nişan.",scripts/ui/BattleView.gd:1040
Choose a reward:,Bir ödül seç:,scripts/ui/BattleView.gd:1045
Continue,Devam,scripts/ui/BattleView.gd:1085
Decide what happens to the downed hero first (above),Önce düşen kahramana ne olacağına karar ver (yukarıda),scripts/ui/BattleView.gd:1094
You withdraw from the fight.,Dövüşten çekiliyorsun.,scripts/ui/BattleView.gd:1098
Defeat — the party is downed and recovering.,Yenilgi — ekip düştü ve toparlanıyor.,scripts/ui/BattleView.gd:1098
"The trial ends. Your heroes step out of the tower unharmed — this floor will be waiting, exactly as it was.",Sınav bitti. Kahramanların kuleden yara almadan çıkıyor — bu kat seni aynen bıraktığın gibi bekleyecek.,scripts/ui/BattleView.gd:1100
Back to the Tower,Kuleye dön,scripts/ui/BattleView.gd:1115
Return to camp,Kampa dön,scripts/ui/BattleView.gd:1115
Why you lost,Neden kaybettin,scripts/ui/BattleView.gd:1133
Choose a boon — it lasts the rest of this rift,Bir lütuf seç — bu yarığın sonuna kadar sürer,scripts/ui/BattleView.gd:1149
%s · you have %d,%s · sende %d var,scripts/ui/BattleView.gd:1178
Completes %s: %s,Tamamlar: %s: %s,scripts/ui/BattleView.gd:1184
Take,Al,scripts/ui/BattleView.gd:1188
Skip the boon,Lütfu atla,scripts/ui/BattleView.gd:1195
%s %d-piece %s — %s,%s %d parça %s — %s,scripts/ui/BattleView.gd:1230
Floor %d cleared!,%d. kat temizlendi!,scripts/ui/BattleView.gd:1244
A weekly re-clear pays half.,Haftalık tekrar temizleme yarısını öder.,scripts/ui/BattleView.gd:1255
Guardian's relic: %s,Muhafızın kalıntısı: %s,scripts/ui/BattleView.gd:1257
 It's on the Relic Altar., Kalıntı Sunağı'nda.,scripts/ui/BattleView.gd:1260
New guild title: %s,Yeni lonca unvanı: %s,scripts/ui/BattleView.gd:1262
 — floor %d next, — sıradaki kat %d,scripts/ui/BattleView.gd:1268
Floor %d/%d reached,Kat %d/%d'ye ulaşıldı,scripts/ui/BattleView.gd:1285
"%+d Gold, %+d Essence this run","Bu koşuda %+d Altın, %+d Öz",scripts/ui/BattleView.gd:1288
%d hero%s lost,%d kahraman%s kaybedildi,scripts/ui/BattleView.gd:1291
Shield: absorbs the next %d damage,Kalkan: sonraki %d hasarı emer,scripts/ui/BattleView.gd:1356
Defending — takes reduced damage this round,Savunuyor — bu tur daha az hasar alır,scripts/ui/BattleView.gd:1445
Shield — absorbs the next %d damage,Kalkan — sonraki %d hasarı emer,scripts/ui/BattleView.gd:1448
Burning — %d damage a round for %d more round(s). A Healing Tonic puts it out.,"Yanıyor — her tur %d hasar, %d tur daha. Şifa Toniği söndürür.",scripts/ui/BattleView.gd:1451
Chilled — acts late next round,Üşümüş — sonraki tur geç davranır,scripts/ui/BattleView.gd:1453
Stunned — loses their next turn,Sersemlemiş — sonraki sırasını kaybeder,scripts/ui/BattleView.gd:1455
Poisoned — %d damage a round for %d more round(s),"Zehirli — her tur %d hasar, %d tur daha",scripts/ui/BattleView.gd:1458
Guarded by %s this round,Bu tur koruyan: %s,scripts/ui/BattleView.gd:1463
"Guarding an ally this round (takes their hits, 25% weaker)",Bu tur bir müttefiki koruyor (darbelerini %25 daha zayıf alır),scripts/ui/BattleView.gd:1465
Cursed — deals %d%% less damage for %d more round(s). Sanctuary cleanses it.,"Lanetli — %%%d daha az hasar verir, %d tur daha. Sığınak arındırır.",scripts/ui/BattleView.gd:1467
Riposte — answers the next %d hit(s) with a counter-strike,Karşılık — sonraki %d darbeye karşı saldırıyla cevap verir,scripts/ui/BattleView.gd:1469
Undying — half damage and can't fall this round,Ölümsüz — bu tur yarı hasar alır ve düşemez,scripts/ui/BattleView.gd:1471
Will dodge the next hit aimed at them,Kendisine gelen sonraki darbeden kaçacak,scripts/ui/BattleView.gd:1473
Branded — takes %d%% more damage for %d more round(s). Guard them.,"Damgalı — %%%d daha fazla hasar alır, %d tur daha. Onu koru.",scripts/ui/BattleView.gd:1475
"Taunting — every foe's attacks come here this round, %d%% weaker","Kışkırtıyor — bu tur tüm düşman saldırıları buraya gelir, %%%d daha zayıf",scripts/ui/BattleView.gd:1477
Enough Momentum for their Ability,Yeteneği için yeterli İvme var,scripts/ui/BattleView.gd:1479
 (active), (etkin),scripts/ui/BattleView.gd:1495
Armored — shrugs off %d%% of basic attacks (each hit chips it). Abilities ignore armor.,Zırhlı — temel saldırıların %%%d'ini savuşturur (her darbe zırhı aşındırır). Yetenekler zırhı yok sayar.,scripts/ui/BattleView.gd:1506
Its hits can set a hero ablaze (damage over time),Darbeleri bir kahramanı tutuşturabilir (zamanla hasar),scripts/ui/BattleView.gd:1508
Its hits can chill a hero (acts late next round),Darbeleri bir kahramanı üşütebilir (sonraki tur geç davranır),scripts/ui/BattleView.gd:1509
"Winding up a heavy blow. Shield Bash, Frost Nova or Backstab can punish it.","Ağır bir darbe için güç topluyor. Kalkan Darbesi, Buz Novası ya da Sırttan Bıçak bunu cezalandırabilir.",scripts/ui/BattleView.gd:1511
Stunned — loses its next %s,Sersemlemiş — sonraki %s kaybeder,scripts/ui/BattleView.gd:1513
%d actions,%d hamlesini,scripts/ui/BattleView.gd:1513
Burning — %d damage a round for %d more round(s),"Yanıyor — her tur %d hasar, %d tur daha",scripts/ui/BattleView.gd:1516
Marked — takes %d%% more damage from heroes,İşaretli — kahramanlardan %%%d daha fazla hasar alır,scripts/ui/BattleView.gd:1518
Can also: %s (telegraphed a round ahead),Ayrıca yapabilir: %s (bir tur önceden belli olur),scripts/ui/BattleView.gd:1522
Ward — absorbs the next %d damage,Koruma — sonraki %d hasarı emer,scripts/ui/BattleView.gd:1525
winding up a heavy blow,ağır darbe için güç topluyor,scripts/ui/BattleView.gd:1589
Next round!,Sonraki tur!,scripts/ui/BattleView.gd:1644
Incoming this round: %s,Bu tur gelenler: %s,scripts/ui/BattleView.gd:1644
Winding up,Güç topluyor,scripts/ui/BattleView.gd:1716
"Gathering strength this round. Next round it lands a heavy blow (×%s damage) that stuns its target unless they Defend. Defend, Guard, or move the likely target to the back row.","Bu tur güç topluyor. Sonraki tur ağır bir darbe (×%s hasar) indirir; hedef Savunmazsa sersemler. Savun, Koru ya da muhtemel hedefi arka sıraya al.",scripts/ui/BattleView.gd:1716
HEAVY BLOW on %s for about %d — it stuns unless they Defend. Defend (5) halves it; Guard (6) takes it for them; Shield Bash breaks it.,"AĞIR DARBE: %s, yaklaşık %d — Savunmazsa sersemler. Savun (5) yarıya indirir; Koru (6) darbeyi onun yerine alır; Kalkan Darbesi bozar.",scripts/ui/BattleView.gd:1719
Attacks %s this round for about %d%s,Bu tur %s hedefine yaklaşık %d vuracak%s,scripts/ui/BattleView.gd:1722
" — a heavy hit, consider Defending"," — ağır bir darbe, Savunmayı düşün",scripts/ui/BattleView.gd:1722
Round %d%s,Tur %d%s,scripts/ui/BattleView.gd:1732
Rank %s,Rütbe %s,scripts/ui/BattleView.gd:1745
This rift is Rank %s on the rift ladder.,"Bu yarık, yarık merdiveninde Rütbe %s.",scripts/ui/BattleView.gd:1745
Attack %s,Saldır: %s,scripts/ui/BattleView.gd:1779
"That's the core of every fight: read the tags above the foes, build Momentum with attacks and defence, and spend it on skills. Auto (A) plays turns for you whenever you like.","Her dövüşün özü bu: düşmanların üstündeki etiketleri oku, saldırı ve savunmayla İvme biriktir, becerilere harca. Oto (A) istediğin an turları senin yerine oynar.",scripts/ui/BattleView.gd:1834
a hero,bir kahraman,scripts/ui/BattleView.gd:1844
Wind-ups. %s is winding up a heavy blow at %s: see the red tag above it. It lands next round and stuns unless the target Defends. %s,"Güç toplama. %s, %s hedefine ağır bir darbe için güç topluyor: üstündeki kırmızı etikete bak. Sonraki tur iner ve hedef Savunmazsa sersemletir. %s",scripts/ui/BattleView.gd:1846
Press Defend (5) — %s takes half and earns Momentum.,Savun'a (5) bas — %s yarı hasar alır ve İvme kazanır.,scripts/ui/BattleView.gd:1847
"Press Guard (6) and pick %s — %s takes the blow instead, 25%% weaker.","Koru'ya (6) bas ve %s seç — darbeyi %s alır, %%25 daha zayıf.",scripts/ui/BattleView.gd:1847
Attack. It's %s's turn: press Attack (1) or click a foe. Every attack adds 1 Momentum — the pips under %s's name.,Saldırı. Sıra: %s. Saldır'a (1) bas ya da bir düşmana tıkla. Her saldırı 1 İvme ekler — %s adının altındaki noktalar.,scripts/ui/BattleView.gd:1849
"Skills. You have %d Momentum. %s's skill %s (2) spends %d of it for a stronger move — hover it to read it, then use it.","Beceriler. %d İvmen var. %s becerisi %s (2), daha güçlü bir hamle için %d harcar — üstüne gelip oku, sonra kullan.",scripts/ui/BattleView.gd:1853
"Skills cost Momentum. Keep attacking until a skill (2-4) lights up, then use it.","Beceriler İvme harcar. Bir beceri (2-4) yanana kadar saldırmaya devam et, sonra kullan.",scripts/ui/BattleView.gd:1854
Step %d of 3,Adım %d / 3,scripts/ui/BattleView.gd:1863
Well fought,İyi dövüştün,scripts/ui/BattleView.gd:1863
Got it,Anladım,scripts/ui/BattleView.gd:1871
Skip tutorial,Eğitimi atla,scripts/ui/BattleView.gd:1871
"Momentum %d/%d — the party's shared pool for skills and Abilities. Attacks, kills, and hits taken while Defending or Guarding build it.","İvme %d/%d — ekibin beceri ve Yetenekler için ortak havuzu. Saldırılar, öldürmeler ve Savunurken ya da Korurken alınan darbeler doldurur.",scripts/ui/BattleView.gd:1970
Momentum,İvme,scripts/ui/BattleView.gd:1972
Which tonic?,Hangi tonik?,scripts/ui/BattleView.gd:2027
%s (key %d),%s (tuş %d),scripts/ui/BattleView.gd:2046
Cancel,İptal,scripts/ui/BattleView.gd:2055
Guard whom?,Kimi koruyacak?,scripts/ui/BattleView.gd:2058
%s for whom?,%s kimin için?,scripts/ui/BattleView.gd:2058
Tonic,Tonik,scripts/ui/BattleView.gd:2058
  (%d dmg incoming),  (%d hasar geliyor),scripts/ui/BattleView.gd:2080
Key %d,Tuş %d,scripts/ui/BattleView.gd:2083
Already at full HP,Canı zaten tam,scripts/ui/BattleView.gd:2088
%s's turn,Sıra: %s,scripts/ui/BattleView.gd:2134
Lv%d %s · %d/%d HP,Sv%d %s · %d/%d Can,scripts/ui/BattleView.gd:2137
"Attack %s (1): +%d Momentum%s. Click a foe to pick another, Tab to cycle.","Saldır: %s (1): +%d İvme%s. Başkasını seçmek için bir düşmana tıkla, sırayla geçmek için Tab.",scripts/ui/BattleView.gd:2151
 (+1 for the kill: this hit should finish it), (öldürme için +1: bu darbe onu bitirmeli),scripts/ui/BattleView.gd:2151
"
From the back row a %s hits at half strength.","
Arka sıradan bir %s yarı güçle vurur.",scripts/ui/BattleView.gd:2153
Attack,Saldır,scripts/ui/BattleView.gd:2155
Attack ½,Saldır ½,scripts/ui/BattleView.gd:2155
"
%s row.","
%s sıra.",scripts/ui/BattleView.gd:2165
"
%s twist: %s.","
%s dokunuşu: %s.",scripts/ui/BattleView.gd:2165
"%s
Learned at level %d.","%s
%d. seviyede öğrenilir.",scripts/ui/BattleView.gd:2168
Ability,Yetenek,scripts/ui/BattleView.gd:2171
%s (%s) — %d Momentum. %s%s,%s (%s) — %d İvme. %s%s,scripts/ui/BattleView.gd:2180
Defend,Savun,scripts/ui/BattleView.gd:2190
Defend (5) — take half damage from hits this round. Each hit taken while Defending gives +1 Momentum (+2 for a heavy blow).,Savun (5) — bu tur darbelerden yarı hasar al. Savunurken alınan her darbe +1 İvme verir (ağır darbe için +2).,scripts/ui/BattleView.gd:2190
"More (M, or Start on a gamepad) — Guard (6), Move (7), Tonics (8)%s","Diğer (M ya da oyun kolunda Start) — Koru (6), Yer Değiştir (7), Tonikler (8)%s",scripts/ui/BattleView.gd:2198
", Champion's Call (9)",", Şampiyon Çağrısı (9)",scripts/ui/BattleView.gd:2198
Less,Daha az,scripts/ui/BattleView.gd:2202
More ★,Diğer ★,scripts/ui/BattleView.gd:2202
More,Diğer,scripts/ui/BattleView.gd:2202
Guard,Koru,scripts/ui/BattleView.gd:2216
"Guard (6) — pick an ally: attacks aimed at them this round hit you instead, 25% weaker, for +1 Momentum each.","Koru (6) — bir müttefik seç: bu tur ona yönelen saldırılar %25 daha zayıf olarak sana gelir, her biri +1 İvme.",scripts/ui/BattleView.gd:2216
Champion's Call (9) — %s. Once per rift.,Şampiyon Çağrısı (9) — %s. Yarık başına bir kez.,scripts/ui/BattleView.gd:2222
To %s,%s sıraya,scripts/ui/BattleView.gd:2228
Move (7) — step to the %s row. The front row draws most attacks; melee heroes hit at half strength from the back; some skills need a row.,Yer Değiştir (7) — %s sıraya geç. Ön sıra saldırıların çoğunu çeker; yakın dövüş kahramanları arkadan yarı güçle vurur; bazı beceriler belli bir sıra ister.,scripts/ui/BattleView.gd:2228
Tonics ×%d,Tonikler ×%d,scripts/ui/BattleView.gd:2236
"Tonics (8) — Healing, Iron or Focus. Uses this hero's turn.","Tonikler (8) — Şifa, Demir ya da Odak. Bu kahramanın sırasını harcar.",scripts/ui/BattleView.gd:2236
"Target: %s
Space repeats your last action","Hedef: %s
Boşluk son hamleni tekrarlar",scripts/ui/BattleView.gd:2252
The party is down.,Ekip düştü.,scripts/ui/BattleView.gd:2258
Enemy turn…,Düşman sırası…,scripts/ui/BattleView.gd:2258
"Battle speed: ×1, ×2, ×3 or Instant (click to change; also in Settings)","Savaş hızı: ×1, ×2, ×3 ya da Anında (değiştirmek için tıkla; Ayarlar'da da var)",scripts/ui/BattleView.gd:2269
Auto,Oto,scripts/ui/BattleView.gd:2276
Auto ✓,Oto ✓,scripts/ui/BattleView.gd:2276
"Auto (A) — heroes act on their own: Defend against heavy blows, use Abilities when ready, focus the weakest foe. A fight won by hand, with no one down, pays +%d%% Gold.","Oto (A) — kahramanlar kendi başına davranır: ağır darbelere karşı Savunur, hazır olunca Yetenek kullanır, en zayıf düşmana odaklanır. Kimse düşmeden elle kazanılan dövüş +%%%d Altın öder.",scripts/ui/BattleView.gd:2276
Log,Kayıt,scripts/ui/BattleView.gd:2285
Show or hide the fight log,Dövüş kaydını göster ya da gizle,scripts/ui/BattleView.gd:2285
Retreat — leave the fight (the run ends),Geri çekil — dövüşten ayrıl (koşu biter),scripts/ui/BattleView.gd:2290
[A foe gathers its strength],[Bir düşman güç topluyor],scripts/ui/BattleView.gd:2319
[%s roars: a second phase],[%s kükrüyor: ikinci evre],scripts/ui/BattleView.gd:2328
%s enters its second phase,%s ikinci evresine giriyor,scripts/ui/BattleView.gd:2329
[A boss roars],[Bir boss kükrüyor],scripts/ui/BattleView.gd:2333
[An elite snarls],[Bir seçkin hırlıyor],scripts/ui/BattleView.gd:2333
Tower Guardian,Kule Muhafızı,scripts/ui/BattleView.gd:2346
Rift Warden,Yarık Bekçisi,scripts/ui/BattleView.gd:2346
Round %d,Tur %d,scripts/ui/BattleView.gd:2353
+%d XP each,Her birine +%d TP,scripts/ui/BattleView.gd:2429
%s  Lv%d,%s  Sv%d,scripts/ui/BattleView.gd:2442
LEVEL UP!,SEVİYE ATLADI!,scripts/ui/BattleView.gd:2445
MVP,En İyi,scripts/ui/BattleView.gd:2453
Most damage dealt this fight,Bu dövüşte en çok hasar veren,scripts/ui/BattleView.gd:2456
Max level,En üst seviye,scripts/ui/BattleView.gd:2464
%d / %d XP to Lv%d,%d / %d TP (Sv%d için),scripts/ui/BattleView.gd:2464
%d dmg · %d kill%s,%d hasar · %d öldürme%s,scripts/ui/BattleView.gd:2469
Guild tier reached,Lonca kademesi yükseldi,scripts/ui/GuildViews.gd:14
Welcome to your guild,Loncana hoş geldin,scripts/ui/GuildViews.gd:19
"Rifts are tearing open across the land. Hire your first hero under Roster > Recruits (key 1), then head to the Rift Hall (key 3) to seal a rift.","Diyarın dört bir yanında yarıklar açılıyor. İlk kahramanını Kadro > Adaylar'dan işe al (tuş 1), sonra bir yarığı mühürlemek için Yarık Salonu'na git (tuş 3).",scripts/ui/GuildViews.gd:19
Back at camp,Kampa dönüş,scripts/ui/GuildViews.gd:21
"Equip what you found on the Roster's Hero tab (key 1), spend skill points under Skills, and hire more heroes when you can afford them. Every rift run or rest is one day.","Bulduklarını Kadro'nun Kahraman sekmesinde kuşan (tuş 1), beceri puanlarını Beceriler'de harca ve paran yettikçe yeni kahramanlar işe al. Her yarık koşusu ya da dinlenme bir gün sürer.",scripts/ui/GuildViews.gd:21
 — the %s, — %s,scripts/ui/GuildViews.gd:125
 — tier %d/3 (%s Lv%d; grows at Lv3 and Lv5), — kademe %d/3 (%s Sv%d; Sv3 ve Sv5'te büyür),scripts/ui/GuildViews.gd:127
 — grows with your guild tier, — lonca kademenle büyür,scripts/ui/GuildViews.gd:129
 — grows with the campaign, — hikâyeyle büyür,scripts/ui/GuildViews.gd:131
%d levels,%d seviye,scripts/ui/GuildViews.gd:237
 · %d to %s, · %d → %s,scripts/ui/GuildViews.gd:239
 Guild, Lonca,scripts/ui/GuildViews.gd:239
Guild tier grows with Guild Management levels; the Guild Hall grows with it.,Lonca kademesi Lonca Yönetimi seviyeleriyle yükselir; Lonca Salonu da onunla büyür.,scripts/ui/GuildViews.gd:245
Guild status,Lonca durumu,scripts/ui/GuildViews.gd:260
All quiet. The rifts are waiting.,Her şey sakin. Yarıklar bekliyor.,scripts/ui/GuildViews.gd:267
This week · payday in %d day%s,Bu hafta · maaş gününe %d gün%s,scripts/ui/GuildViews.gd:295
Bill %d (wages %d + upkeep %d) · %s,Fatura %d (maaş %d + bakım %d) · %s,scripts/ui/GuildViews.gd:310
short %d,%d eksik,scripts/ui/GuildViews.gd:310
Since last payday: %s%d Gold,Son maaş gününden beri: %s%d Altın,scripts/ui/GuildViews.gd:315
"Wages go out every %d days, heroes in roster order, then facility upkeep. Unpaid heroes lose morale; unpaid upkeep costs Renown. Click for the Ledger.","Maaşlar her %d günde bir ödenir: önce kadro sırasıyla kahramanlar, sonra tesis bakımı. Maaşı ödenmeyen kahramanlar moral kaybeder; ödenmeyen bakım Ün'e mal olur. Defter için tıkla.",scripts/ui/GuildViews.gd:317
Finale open: %s,Final açık: %s,scripts/ui/GuildViews.gd:335
Act %s: %s%s,%s. Perde: %s%s,scripts/ui/GuildViews.gd:340
 — answer before payday, — maaş gününden önce cevap ver,scripts/ui/GuildViews.gd:344
%d hero%s with low morale,Morali düşük %d kahraman%s,scripts/ui/GuildViews.gd:347
%d contract%s due within 2 days,2 gün içinde bitmesi gereken %d sözleşme%s,scripts/ui/GuildViews.gd:350
%d quest%s ready to claim,Ödülü alınabilir %d görev%s,scripts/ui/GuildViews.gd:353
%d recovering,%d toparlanıyor,scripts/ui/GuildViews.gd:359
%d wounded,%d yaralı,scripts/ui/GuildViews.gd:361
%s · %d bed%s free,%s · %d yatak%s boş,scripts/ui/GuildViews.gd:363
%d hero%s with points to spend,Harcayacak puanı olan %d kahraman%s,scripts/ui/GuildViews.gd:366
%s Lv%d,%s Sv%d,scripts/ui/GuildViews.gd:378
Upgrade ready: %s (%d Essence),Geliştirme hazır: %s (%d Öz),scripts/ui/GuildViews.gd:380
Tower of Trials: floor %d next,Sınav Kulesi: sıradaki kat %d,scripts/ui/GuildViews.gd:384
Records,Kayıtlar,scripts/ui/GuildViews.gd:391
Achievements %d/%d,Başarımlar %d/%d,scripts/ui/GuildViews.gd:395
Gold,Altın,scripts/ui/GuildViews.gd:1212
Essence,Öz,scripts/ui/GuildViews.gd:429
Renown,Ün,scripts/ui/GuildViews.gd:429
Done,Tamam,scripts/ui/GuildViews.gd:430
%s (power %d),%s (güç %d),scripts/ui/GuildViews.gd:450
Act %s,%s. Perde,scripts/ui/GuildViews.gd:458
%d (streak %d),%d (seri %d),scripts/ui/GuildViews.gd:461
No runs yet. Your last %d runs will be listed here.,Henüz koşu yok. Son %d koşun burada listelenecek.,scripts/ui/GuildViews.gd:480
Day %d · %s · floor %s,Gün %d · %s · kat %s,scripts/ui/GuildViews.gd:490
Day %d · %s · %d:%02d · %d kills,Gün %d · %s · %d:%02d · %d öldürme,scripts/ui/GuildViews.gd:492
%+d Gold  %+d Essence,%+d Altın  %+d Öz,scripts/ui/GuildViews.gd:496
Party: ,Ekip: ,scripts/ui/GuildViews.gd:497
"
Boons: ","
Lütuflar: ",scripts/ui/GuildViews.gd:499
Memorial,Anıt,scripts/ui/GuildViews.gd:506
Heroes lost for good. Their names stay with the guild.,Sonsuza dek kaybedilen kahramanlar. İsimleri loncada yaşar.,scripts/ui/GuildViews.gd:507
No one has fallen. May it stay that way.,Kimse düşmedi. Öyle kalsın.,scripts/ui/GuildViews.gd:509
"%s — Rank %s, Level %d","%s — Rütbe %s, Seviye %d",scripts/ui/GuildViews.gd:520
"%s, on day %d. %d rift%s sealed, %d foe%s felled.","%s, %d. günde. %d yarık%s mühürledi, %d düşman%s devirdi.",scripts/ui/GuildViews.gd:521
Not enough Gold.,Yeterli Altın yok.,scripts/ui/GuildViews.gd:563
No answer by payday counts as a no.,Maaş gününe kadar cevap verilmezse hayır sayılır.,scripts/ui/GuildViews.gd:566
Guild Ledger,Lonca Defteri,scripts/ui/GuildViews.gd:573
Payday in %d day%s · wages %d + upkeep %d Gold · you have %d,Maaş gününe %d gün%s · maaş %d + bakım %d Altın · sende %d,scripts/ui/GuildViews.gd:583
"A day passes with every rift run or rest; wages are due every %d days. An unpaid hero loses %d morale, and a hero unpaid twice in a row, or at rock-bottom morale on payday, walks out.",Her yarık koşusu ya da dinlenmeyle bir gün geçer; maaşlar her %d günde bir ödenir. Maaşı ödenmeyen kahraman %d moral kaybeder; üst üste iki kez ödenmeyen ya da maaş gününde morali dipte olan kahraman çekip gider.,scripts/ui/GuildViews.gd:586
%d Gold paid,%d Altın ödendi,scripts/ui/GuildViews.gd:589
unpaid: %s,ödenmedi: %s,scripts/ui/GuildViews.gd:591
walked out: %s,çekip gitti: %s,scripts/ui/GuildViews.gd:593
Last payday (day %d): %s.,Son maaş günü (gün %d): %s.,scripts/ui/GuildViews.gd:594
"Upkeep: every Guild Management level costs %d Gold a week; if it can't be paid after wages, the guild loses %d Renown. Training Yard: %d of %d trainings left this week.",Bakım: her Lonca Yönetimi seviyesi haftada %d Altın tutar; maaşlardan sonra ödenemezse lonca %d Ün kaybeder. Talim Alanı: bu hafta %d / %d eğitim kaldı.,scripts/ui/GuildViews.gd:595
"Hold a feast (%d Gold): +%d morale for up to %d heroes, lowest first","Ziyafet ver (%d Altın): +%d moral, en fazla %d kahramana, en düşükten başlayarak",scripts/ui/GuildViews.gd:596
Once a week.,Haftada bir.,scripts/ui/GuildViews.gd:603
Already feasted this week — the next one after payday.,Bu hafta zaten ziyafet verildi — bir sonraki maaş gününden sonra.,scripts/ui/GuildViews.gd:603
Rival: %s,Rakip: %s,scripts/ui/GuildViews.gd:618
Led by %s,Lideri: %s,scripts/ui/GuildViews.gd:619
Renown — you %d · them %d (%s),Ün — sen %d · onlar %d (%s),scripts/ui/GuildViews.gd:623
you lead by %d,%d öndesin,scripts/ui/GuildViews.gd:623
they lead by %d,onlar %d önde,scripts/ui/GuildViews.gd:623
"This month's contest: rifts sealed — you %d · them %d · %d day%s left. Prize: %d Gold, %d Renown.","Bu ayın yarışması: mühürlenen yarıklar — sen %d · onlar %d · %d gün%s kaldı. Ödül: %d Altın, %d Ün.",scripts/ui/GuildViews.gd:627
"They gain Renown every day and sometimes take a posted contract before you do. At payday, whichever guild leads gets the pick of next week's recruits (one more offer for you, or one fewer). Seal rifts and finish contracts to gain Renown; failed contracts cost it.",Her gün Ün kazanırlar ve bazen ilandaki bir sözleşmeyi senden önce kaparlar. Maaş gününde önde olan lonca gelecek haftanın adaylarından ilk seçimi yapar (senin için bir teklif fazla ya da bir eksik). Ün kazanmak için yarıkları mühürle ve sözleşmeleri bitir; başarısız sözleşmeler Ün kaybettirir.,scripts/ui/GuildViews.gd:630
Guild Standings,Lonca Sıralaması,scripts/ui/GuildViews.gd:634
Guild,Lonca,scripts/ui/GuildViews.gd:639
Tower floor,Kule katı,scripts/ui/GuildViews.gd:639
 (you), (sen),scripts/ui/GuildViews.gd:645
 — rival, — rakip,scripts/ui/GuildViews.gd:645
The other guilds' records grow every day. Top the Renown column for an achievement.,Diğer loncaların kayıtları her gün büyür. Bir başarım için Ün sütununda zirveye çık.,scripts/ui/GuildViews.gd:651
Heroes — wages and morale,Kahramanlar — maaş ve moral,scripts/ui/GuildViews.gd:653
"%s — Rank %s, Lv%d · wage %d Gold/week","%s — Rütbe %s, Sv%d · maaş %d Altın/hafta",scripts/ui/GuildViews.gd:664
Morale %d · %s%s%s,Moral %d · %s%s%s,scripts/ui/GuildViews.gd:666
 (%+d%% damage), (%+d%% hasar),scripts/ui/GuildViews.gd:666
 · unpaid %d week%s, · %d hafta%s ödenmedi,scripts/ui/GuildViews.gd:666
Sealing a rift +%d · a lost rift %d · knocked out %d · unpaid %d · a week without a rift %d · a failed contract %d · a feast +%d,Yarık mühürlemek +%d · kaybedilen yarık %d · bayılmak %d · maaş ödenmemesi %d · yarıksız bir hafta %d · başarısız sözleşme %d · ziyafet +%d,scripts/ui/GuildViews.gd:668
Confirm: let them go,Onayla: gitmesine izin ver,scripts/ui/GuildViews.gd:674
Dismiss,Görevden al,scripts/ui/GuildViews.gd:674
They leave the guild for good; their gear goes back to the stockpile. No more wages.,Loncadan kalıcı olarak ayrılır; teçhizatı depoya döner. Artık maaş yok.,scripts/ui/GuildViews.gd:684
Guild news,Lonca haberleri,scripts/ui/GuildViews.gd:691
Getting started — %d/%d,Başlarken — %d/%d,scripts/ui/GuildViews.gd:716
Hide,Gizle,scripts/ui/GuildViews.gd:720
%d SP,%d BP,scripts/ui/GuildViews.gd:750
can evolve,evrimleşebilir,scripts/ui/GuildViews.gd:756
empty %s slot,boş %s yuvası,scripts/ui/GuildViews.gd:759
%d hero(es) wounded or downed,%d kahraman yaralı ya da düşmüş,scripts/ui/GuildViews.gd:767
%d recruit(s) you can afford,Paranın yettiği %d aday,scripts/ui/GuildViews.gd:771
%d craft(s) ready in Crafting,Zanaat'ta %d üretim hazır,scripts/ui/GuildViews.gd:785
%d relic slot(s) empty — equip a relic under Items > Relics,%d kalıntı yuvası boş — Eşyalar > Kalıntılar'dan bir kalıntı kuşan,scripts/ui/GuildViews.gd:789
%d quest(s) ready to claim,Ödülü alınabilir %d görev,scripts/ui/GuildViews.gd:792
Command Tent,Komuta Çadırı,scripts/ui/GuildViews.gd:804
Ledger,Defter,scripts/ui/GuildViews.gd:813
Codex,Kodeks,scripts/ui/GuildViews.gd:814
Trading Post,Ticaret Karakolu,scripts/ui/GuildViews.gd:825
Scholar's Lodge,Bilgin Köşkü,scripts/ui/GuildViews.gd:831
%s (locked),%s (kilitli),scripts/ui/GuildViews.gd:844
Rank %s · Lv%d %s · Power %d,Rütbe %s · Sv%d %s · Güç %d,scripts/ui/GuildViews.gd:866
Boon: ,Lütuf: ,scripts/ui/GuildViews.gd:867
Call: %s — %s (once per rift),Çağrı: %s — %s (yarık başına bir kez),scripts/ui/GuildViews.gd:871
Hire — %d Gold,İşe al — %d Altın,scripts/ui/GuildViews.gd:873
Hiring heroes,Kahraman işe almak,scripts/ui/GuildViews.gd:888
"Recruit heroes below; higher ranks are stronger. Champions cost more but arrive as experienced as your best hero, lift the whole party with their Boon, and have a Champion's Call for the big fights.","Aşağıdan kahraman işe al; yüksek rütbeler daha güçlüdür. Şampiyonlar daha pahalıdır ama en iyi kahramanın kadar deneyimli gelir, Lütuflarıyla tüm ekibi güçlendirir ve büyük dövüşler için bir Şampiyon Çağrısı taşır.",scripts/ui/GuildViews.gd:888
Champions for hire — a party Boon and a Champion's Call,Kiralık şampiyonlar — ekibe Lütuf ve Şampiyon Çağrısı,scripts/ui/GuildViews.gd:890
All hired — new Champions arrive when you seal a rift.,Hepsi işe alındı — bir yarığı mühürleyince yeni Şampiyonlar gelir.,scripts/ui/GuildViews.gd:897
New offers (%d Gold),Yeni teklifler (%d Altın),scripts/ui/GuildViews.gd:899
A free set of offers also arrives every time you seal a rift.,Her yarık mühürleyişinde ücretsiz yeni teklifler de gelir.,scripts/ui/GuildViews.gd:906
Rank odds: %s%s,Rütbe olasılıkları: %s%s,scripts/ui/GuildViews.gd:908
  ·  Scouts' Lodge: a C+ recruit is assured each refresh,  ·  İzci Köşkü: her yenilemede bir C+ aday garanti,scripts/ui/GuildViews.gd:908
Hero Recruits — %d/%d roster slots,Kahraman Adayları — %d/%d kadro yeri,scripts/ui/GuildViews.gd:911
Rank %s %s · %d Gold,Rütbe %s %s · %d Altın,scripts/ui/GuildViews.gd:937
Passive — ,Pasif — ,scripts/ui/GuildViews.gd:938
Reroll (%d Gold),Yenile (%d Altın),scripts/ui/GuildViews.gd:940
Recruit,İşe al,scripts/ui/GuildViews.gd:946
Medical Bay — %d/%d beds occupied,Revir — %d/%d yatak dolu,scripts/ui/GuildViews.gd:957
"Field Triage: once per rift, get a downed hero back up mid-rift.","Sahada Triyaj: yarık başına bir kez, düşmüş bir kahramanı yarığın ortasında ayağa kaldır.",scripts/ui/GuildViews.gd:959
Empty,Boş,scripts/ui/GuildViews.gd:1006
No wounded heroes waiting for a bed.,Yatak bekleyen yaralı kahraman yok.,scripts/ui/GuildViews.gd:1015
Assign to bed %d:,Yatak %d'ye yerleştir:,scripts/ui/GuildViews.gd:1017
%s — %d/%d HP (%s),%s — %d/%d Can (%s),scripts/ui/GuildViews.gd:1021
Assign,Yerleştir,scripts/ui/GuildViews.gd:1022
Recovering without a bed (slower) — click an empty bed to assign one:,Yataksız toparlanıyor (daha yavaş) — atamak için boş bir yatağa tıkla:,scripts/ui/GuildViews.gd:1031
%s — %d/%d HP · %s,%s — %d/%d Can · %s,scripts/ui/GuildViews.gd:1033
Rest the guild (pass one run's time),Loncayı dinlendir (bir koşu süresi geçir),scripts/ui/GuildViews.gd:1037
Heroes recover as if a run had ended.,Kahramanlar bir koşu bitmiş gibi toparlanır.,scripts/ui/GuildViews.gd:1041
"Recovery counts rift runs, not real time: a downed hero sits out %d run(s) (a bed takes one off); a wounded hero regains %d%% HP each run (all of it in a bed).",Toparlanma gerçek zamanla değil yarık koşularıyla sayılır: düşmüş bir kahraman %d koşu dışarıda kalır (yatak birini düşürür); yaralı bir kahraman her koşuda canının %%%d'ini geri kazanır (yatakta hepsini).,scripts/ui/GuildViews.gd:1044
back in %d run%s,%d koşu%s sonra döner,scripts/ui/GuildViews.gd:1050
full after next run,sonraki koşudan sonra tam,scripts/ui/GuildViews.gd:1052
+%d%% HP per run,Koşu başına +%%%d Can,scripts/ui/GuildViews.gd:1053
%d/3 — need %d more,%d/3 — %d tane daha gerek,scripts/ui/GuildViews.gd:1080
%d owned — ready to craft%s,%d adet var — üretime hazır%s,scripts/ui/GuildViews.gd:1081
Combine 3 of the same kind and rarity into 1 of the next rarity up.,Aynı türden ve nadirlikten 3 tanesini bir üst nadirlikte 1 taneye birleştir.,scripts/ui/GuildViews.gd:1086
No craftable (unequipped Common/Rare) items.,Üretilebilir (kuşanılmamış Sıradan/Nadir) eşya yok.,scripts/ui/GuildViews.gd:1102
Craft → %s,Üret → %s,scripts/ui/GuildViews.gd:1109
No craftable (unequipped Common/Rare) relics.,Üretilebilir (kuşanılmamış Sıradan/Nadir) kalıntı yok.,scripts/ui/GuildViews.gd:1134
poisons its target for a few rounds,hedefini birkaç tur zehirler,scripts/ui/GuildViews.gd:1166
heals its allies each round,her tur müttefiklerini iyileştirir,scripts/ui/GuildViews.gd:1167
starts the fight behind a ward,dövüşe bir korumanın ardında başlar,scripts/ui/GuildViews.gd:1168
hits harder when badly hurt,ağır yaralıyken daha sert vurur,scripts/ui/GuildViews.gd:1169
heals itself from the damage it deals,verdiği hasardan kendini iyileştirir,scripts/ui/GuildViews.gd:1170
reflects part of the damage it takes,aldığı hasarın bir kısmını yansıtır,scripts/ui/GuildViews.gd:1171
%s — %d/%d met,%s — %d/%d karşılaşıldı,scripts/ui/GuildViews.gd:1187
Hazards — %d/%d met,Tehlikeler — %d/%d karşılaşıldı,scripts/ui/GuildViews.gd:1196
%s · finds %s,%s · bulur: %s,scripts/ui/GuildViews.gd:1212
Telegraphs: %s,Önceden belli eder: %s,scripts/ui/GuildViews.gd:1243
Brings a random warden mechanic each fight. %s,Her dövüşe rastgele bir bekçi mekaniği getirir. %s,scripts/ui/GuildViews.gd:1246
Defeated.,Yenildi.,scripts/ui/GuildViews.gd:1246
Not yet defeated.,Henüz yenilmedi.,scripts/ui/GuildViews.gd:1246
Compendium,Derleme,scripts/ui/GuildViews.gd:1268
"Items are hero-bound gear. Weapon items fill a hero's weapon slots (1, or 2 for a dual-wield class); Armor and Focus items share one ""gear"" slot pool that grows with hero rank.","Eşyalar kahramana bağlı teçhizattır. Silahlar kahramanın silah yuvalarını doldurur (1 ya da çift silahlı sınıflar için 2); Zırh ve Odak eşyaları, kahraman rütbesiyle büyüyen tek bir ""teçhizat"" yuva havuzunu paylaşır.",scripts/ui/GuildViews.gd:1278
"Relics are party-wide. Each relic has an elemental type, which nudges (60% weight) which power domain its rolled special favors.","Kalıntılar tüm ekibi etkiler. Her kalıntının bir element türü vardır; bu, rastgele gelen özel gücünün hangi alanı kayıracağını (%60 ağırlıkla) yönlendirir.",scripts/ui/GuildViews.gd:1291
%s — %s domain,%s — %s alanı,scripts/ui/GuildViews.gd:1298
Crafting combines 3 unequipped items or relics of the same category/type and rarity into 1 of the next rarity up.,"Zanaat, aynı kategori/tür ve nadirlikteki 3 kuşanılmamış eşya ya da kalıntıyı bir üst nadirlikte 1 taneye birleştirir.",scripts/ui/GuildViews.gd:1303
Legendary items/relics are fixed hand-authored drops — not craftable from Epics.,Efsanevi eşyalar/kalıntılar elle tasarlanmış sabit ganimetlerdir — Destansılardan üretilemez.,scripts/ui/GuildViews.gd:1306
Hunt,Av,scripts/ui/GuildViews.gd:1353
Wanted,Aranan,scripts/ui/GuildViews.gd:1353
Seal the Rift,Yarığı Mühürle,scripts/ui/GuildViews.gd:1353
Trial,Sınav,scripts/ui/GuildViews.gd:1354
Supply,İkmal,scripts/ui/GuildViews.gd:1354
Day %d  ·  Taken %d/%d  ·  new postings in %d day%s,Gün %d  ·  Alınan %d/%d  ·  yeni ilanlara %d gün%s,scripts/ui/GuildViews.gd:1393
A day passes with every rift run or rest. Unaccepted postings are replaced when the board refreshes; quests you've taken stay.,Her yarık koşusu ya da dinlenmeyle bir gün geçer. Kabul edilmeyen ilanlar pano yenilenince değişir; aldığın görevler kalır.,scripts/ui/GuildViews.gd:1398
Nothing posted — new postings in %d day%s.,İlan yok — yeni ilanlara %d gün%s.,scripts/ui/GuildViews.gd:1410
Every 20 Renown arms a guaranteed Epic relic at your next Shop.,"Her 20 Ün, sonraki Dükkânında garanti bir Destansı kalıntı hazırlar.",scripts/ui/GuildViews.gd:1415
Milestones,Kilometre taşları,scripts/ui/GuildViews.gd:1418
Claimed,Alındı,scripts/ui/GuildViews.gd:1424
Quest,Görev,scripts/ui/GuildViews.gd:1454
Due in %d day%s,%d gün%s içinde,scripts/ui/GuildViews.gd:1475
Due today,Bugün bitiyor,scripts/ui/GuildViews.gd:1475
%d days once taken,Alınınca %d gün,scripts/ui/GuildViews.gd:1480
Difficulty,Zorluk,scripts/ui/GuildViews.gd:1487
Reward: ,Ödül: ,scripts/ui/GuildViews.gd:1490
Take on,Üstlen,scripts/ui/GuildViews.gd:1500
You already have %d quests — finish or abandon one first,Zaten %d görevin var — önce birini bitir ya da bırak,scripts/ui/GuildViews.gd:1507
Only progress made after taking it counts,Yalnızca görevi aldıktan sonraki ilerleme sayılır,scripts/ui/GuildViews.gd:1507
Claim reward,Ödülü al,scripts/ui/GuildViews.gd:1512
Abandon,Bırak,scripts/ui/GuildViews.gd:1526
Take it down,İndir,scripts/ui/GuildViews.gd:1534
DONE,BİTTİ,scripts/ui/GuildViews.gd:1554
TAKEN,ALINDI,scripts/ui/GuildViews.gd:1554
FAILED,BAŞARISIZ,scripts/ui/GuildViews.gd:1554
Operations,Operasyonlar,scripts/ui/GuildViews.gd:1611
Infrastructure,Altyapı,scripts/ui/GuildViews.gd:1612
Logistics,Lojistik,scripts/ui/GuildViews.gd:1613
Research,Araştırma,scripts/ui/GuildViews.gd:1614
Click again to confirm reset,Sıfırlamayı onaylamak için tekrar tıkla,scripts/ui/GuildViews.gd:1635
Reset Guild,Loncayı Sıfırla,scripts/ui/GuildViews.gd:1635
Lv %d/%d,Sv %d/%d,scripts/ui/GuildViews.gd:1678
Each level: %s · upkeep +%d Gold a week,Her seviye: %s · bakım haftada +%d Altın,scripts/ui/GuildViews.gd:1700
%s Lv%d — %s,%s Sv%d — %s,scripts/ui/GuildViews.gd:1705
⌂ Camp: the %s is rebuilt at Lv3 and Lv5 (now tier %d/3),⌂ Kamp: %s Sv3 ve Sv5'te yeniden yapılır (şu an kademe %d/3),scripts/ui/GuildViews.gd:1711
⌂ Camp: every level grows the Guild Hall (guild tier),⌂ Kamp: her seviye Lonca Salonu'nu büyütür (lonca kademesi),scripts/ui/GuildViews.gd:1713
Upgrade to Lv%d — %d Essence,Yükselt: Sv%d — %d Öz,scripts/ui/GuildViews.gd:1718
Next: %s%s,Sonraki: %s%s,scripts/ui/GuildViews.gd:1725
"
Unlocks: ","
Açar: ",scripts/ui/GuildViews.gd:1725
Fully upgraded,Tamamen geliştirildi,scripts/ui/GuildViews.gd:1728
navigator.storage && navigator.storage.persist && navigator.storage.persist();,,scripts/ui/Main.gd:34
Achievement earned,Başarım kazanıldı,scripts/ui/Main.gd:239
%d achievements earned,%d başarım kazanıldı,scripts/ui/Main.gd:241
See Records in the Guild Hall.,Lonca Salonu'ndaki Kayıtlar'a bak.,scripts/ui/Main.gd:241
Back up your guild,Loncanı yedekle,scripts/ui/Main.gd:245
It lives in this browser only. Settings > Backup > Export save keeps a copy.,Yalnızca bu tarayıcıda duruyor. Ayarlar > Yedek > Kaydı dışa aktar bir kopya tutar.,scripts/ui/Main.gd:246
Party Assembly,Ekip Kurma,scripts/ui/Main.gd:444
Tower of Trials — Floor %d,Sınav Kulesi — Kat %d,scripts/ui/Main.gd:1646
Rift Run — Floor %d/%d,Yarık Koşusu — Kat %d/%d,scripts/ui/Main.gd:446
Settings,Ayarlar,scripts/ui/Main.gd:1063
Camp,Kamp,scripts/ui/Main.gd:449
Camp — %s,Kamp — %s,scripts/ui/Main.gd:449
★ RANK S ★,★ RÜTBE S ★,scripts/ui/Main.gd:497
is offered as a Champion!,Şampiyon olarak sunuluyor!,scripts/ui/Main.gd:500
is available to recruit!,işe alınabilir!,scripts/ui/Main.gd:500
"Gold — recruit and train heroes, buy from rift shops and supplies, reroll offers.","Altın — kahraman işe al ve eğit, yarık dükkânlarından ve ikmalden satın al, teklifleri yenile.",scripts/ui/Main.gd:529
"Essence — earned by fighting and sealing rifts. Evolves heroes, upgrades relics and the guild, reforges gear, resets attributes.","Öz — dövüşerek ve yarık mühürleyerek kazanılır. Kahramanları evrimleştirir, kalıntıları ve loncayı geliştirir, teçhizatı yeniden döver, nitelikleri sıfırlar.",scripts/ui/Main.gd:530
Renown — from rift bounties and quests. Every 20 guarantees an Epic at your next rift shop.,"Ün — yarık ödüllerinden ve görevlerden. Her 20 Ün, sonraki yarık dükkânında bir Destansı garanti eder.",scripts/ui/Main.gd:531
%s  (key %s),%s  (tuş %s),scripts/ui/Main.gd:631
Rift,Yarık,scripts/ui/Main.gd:723
Tower,Kule,scripts/ui/Main.gd:723
Back,Arka,locale/extra_msgids.txt
Back to %s,Geri: %s,scripts/ui/Main.gd:761
Guild titles — Tower of Trials (best floor %d) and the Endless Rift (best %d:%02d),Lonca unvanları — Sınav Kulesi (en iyi kat %d) ve Sonsuz Yarık (en iyi %d:%02d),scripts/ui/Main.gd:774
Guildhold,Guildhold,scripts/ui/Main.gd:1043
A guild-management roguelite,Bir lonca yönetimi roguelite oyunu,scripts/ui/Main.gd:848
Test build %s · what's new is %s,Test sürümü %s · yenilikler %s,scripts/ui/Main.gd:849
below,aşağıda,scripts/ui/Main.gd:849
on the right,sağda,scripts/ui/Main.gd:849
New Game,Yeni Oyun,scripts/ui/Main.gd:857
Load Game,Oyun Yükle,scripts/ui/Main.gd:1031
Credits,Emeği Geçenler,scripts/ui/Main.gd:1042
Feedback,Geri Bildirim,scripts/ui/Main.gd:874
Quit,Çıkış,scripts/ui/Main.gd:881
"This test build is made for a computer with a keyboard and mouse (or a gamepad). It runs on a phone, but small screens are cramped.",Bu test sürümü klavye ve fareli (ya da oyun kollu) bir bilgisayar için yapıldı. Telefonda da çalışır ama küçük ekranlar sıkışık kalır.,scripts/ui/Main.gd:886
What's new in %s,%s sürümünde yenilikler,scripts/ui/Main.gd:968
"Your save lives in this browser. Clearing site data erases it, so back it up under Load Game > Backup now and then.",Kaydın bu tarayıcıda duruyor. Site verilerini temizlemek onu siler; ara sıra Oyun Yükle > Yedek'ten yedekle.,scripts/ui/Main.gd:975
Version %s (%s),Sürüm %s (%s),scripts/ui/Main.gd:987
"Day %d, Act %d, %d heroes, %d rifts sealed, best rank %s, Endless best %d:%02d, Tower floor %d","Gün %d, Perde %d, %d kahraman, %d yarık mühürlendi, en iyi rütbe %s, Sonsuz en iyi %d:%02d, Kule katı %d",scripts/ui/Main.gd:989
"

What happened:

What you expected:

Anything confusing, too hard or too easy:
","

Ne oldu:

Ne bekliyordun:

Kafa karıştıran, çok zor ya da çok kolay bir şey:
",scripts/ui/Main.gd:992
Send feedback,Geri bildirim gönder,scripts/ui/Main.gd:1000
"Found a bug, or something felt off? Copy this report and paste it wherever you talk with us, or open it as an issue on GitHub. It already says which build you're on and how far your guild is.",Bir hata mı buldun ya da bir şey tuhaf mı geldi? Bu raporu kopyala ve bizimle konuştuğun yere yapıştır ya da GitHub'da bir kayıt olarak aç. Hangi sürümde olduğunu ve loncanın ne kadar ilerlediğini zaten içeriyor.,scripts/ui/Main.gd:1001
Copy report,Raporu kopyala,scripts/ui/Main.gd:1007
Copied — paste it into your message.,Kopyalandı — mesajına yapıştır.,scripts/ui/Main.gd:1009
Open a GitHub issue,GitHub'da kayıt aç,scripts/ui/Main.gd:1011
%s?title=%s&body=%s,,scripts/ui/Main.gd:1012
Feedback (%s),Geri bildirim (%s),scripts/ui/Main.gd:1012
Leave fullscreen,Tam ekrandan çık,scripts/ui/Main.gd:1025
Fullscreen,Tam ekran,scripts/ui/Main.gd:1025
"A roguelite guild-management game — recruit heroes, evolve their subclasses, and send them through the Rifts.","Bir roguelite lonca yönetimi oyunu — kahraman topla, alt sınıflarını evrimleştir ve onları Yarıklara gönder.",scripts/ui/Main.gd:1044
Version %s,Sürüm %s,scripts/ui/Main.gd:1046
Built with Godot Engine 4.7,Godot Engine 4.7 ile yapıldı,scripts/ui/Main.gd:1047
Pixel art generated with PixelLab,Piksel sanat PixelLab ile üretildi,scripts/ui/Main.gd:1048
Save Slot %d,Kayıt Yuvası %d,scripts/ui/Main.gd:1060
Name Your Guild,Loncana İsim Ver,scripts/ui/Main.gd:1070
Guild name,Lonca adı,scripts/ui/Main.gd:1072
Choose a Crest,Bir Arma Seç,scripts/ui/Main.gd:1077
Randomize,Rastgele,scripts/ui/Main.gd:1081
Found the Guild,Loncayı Kur,scripts/ui/Main.gd:1087
The campaign is complete,Hikâye tamamlandı,scripts/ui/Main.gd:1116
"The Ashen Crown is shattered. Rifts still open — push the Endless Rift, climb the rift ladder to SSS, and take on quests.","Küllü Taç paramparça. Yarıklar hâlâ açılıyor — Sonsuz Yarık'ta sınırlarını zorla, yarık merdiveninde SSS'ye tırman ve görevler üstlen.",scripts/ui/Main.gd:1117
Act %s — %s,%s. Perde — %s,scripts/ui/Main.gd:1128
Foe: %s,Düşman: %s,scripts/ui/Main.gd:1131
Face the finale: %s,Finalle yüzleş: %s,scripts/ui/Main.gd:1141
Recommended power %d,Önerilen güç %d,scripts/ui/Main.gd:1151
Complete every objective above first,Önce yukarıdaki tüm hedefleri tamamla,scripts/ui/Main.gd:1151
"Payday in %d day%s: %d Gold due, you have %d — ","Maaş gününe %d gün%s: %d Altın ödenecek, sende %d var — ",scripts/ui/Main.gd:1164
short %d; about %d rift%s at your recent pay (%d each) covers it.,%d eksik; yaklaşık %d yarık%s son kazancınla (her biri %d) bunu karşılar.,scripts/ui/Main.gd:1168
short %d.,%d eksik.,scripts/ui/Main.gd:1170
Choosing a rift,Yarık seçmek,scripts/ui/Main.gd:1182
"Rifts come in ranks, F to SSS. Seal a rank to open the next. The readout compares your best party's power with what the rift expects — Deadly, Risky, Even or Favored. Your very first rift is a shorter training run.","Yarıklar F'den SSS'ye rütbelere ayrılır. Bir rütbeyi mühürlemek bir sonrakini açar. Gösterge en iyi ekibinin gücünü yarığın beklentisiyle karşılaştırır — Ölümcül, Riskli, Denk ya da Avantajlı. İlk yarığın daha kısa bir eğitim koşusudur.",scripts/ui/Main.gd:1182
Rank %s Rift,Rütbe %s Yarığı,scripts/ui/Main.gd:1214
Endless Rift — locked,Sonsuz Yarık — kilitli,scripts/ui/Main.gd:1215
Ranks C-SSS — locked,Rütbe C-SSS — kilitli,scripts/ui/Main.gd:1217
Rank C — %s,Rütbe C — %s,scripts/ui/Main.gd:1217
Steer your party through endless waves · best %d:%02d,Ekibini bitmeyen dalgalar arasında yönet · en iyi %d:%02d,scripts/ui/Main.gd:1336
Opens when you complete Act II,II. Perde'yi bitirince açılır,scripts/ui/Main.gd:1337
100 fixed floors · best floor %d,100 sabit kat · en iyi kat %d,scripts/ui/Main.gd:1338
Your best party,En iyi ekibin,scripts/ui/Main.gd:1361
Your best,En iyin,scripts/ui/Main.gd:1396
Go,Git,scripts/ui/Main.gd:1401
Rift Ladder,Yarık Merdiveni,scripts/ui/Main.gd:1416
Next: Rank %s — %s,Sonraki: Rütbe %s — %s,scripts/ui/Main.gd:1425
Rank %s — %s,Rütbe %s — %s,scripts/ui/Main.gd:1436
Rank %s — sealed,Rütbe %s — mühürlendi,scripts/ui/Main.gd:1438
Rank %s · %d floors,Rütbe %s · %d kat,scripts/ui/Main.gd:1452
Foes: base,Düşmanlar: temel,scripts/ui/Main.gd:1455
"Foes: ×%s health, ×%s damage","Düşmanlar: ×%s can, ×%s hasar",scripts/ui/Main.gd:1455
%s%s · Rewards ×%s%s,%s%s · Ödüller ×%s%s,scripts/ui/Main.gd:1456
Assemble party,Ekip kur,scripts/ui/Main.gd:1463
Best floor %d / %d%s,En iyi kat %d / %d%s,scripts/ui/Main.gd:1477
The Tower,Kule,scripts/ui/Main.gd:1478
"Every floor is always the same fight — if you lose, study it, change your party and come back. Heroes fight at full HP and leave exactly as they came, so a loss costs nothing. Each floor pays the first time you clear it; every 10th floor is a guardian with its own relic.","Her kat hep aynı dövüştür — kaybedersen incele, ekibini değiştir ve geri gel. Kahramanlar tam canla dövüşür ve geldikleri gibi ayrılır, yani kaybetmenin bedeli yok. Her kat ilk temizlediğinde ödül verir; her 10. kat kendi kalıntısı olan bir muhafızdır.",scripts/ui/Main.gd:1478
You've cleared this week's ladder. Floors %d–%d reshuffle their rules in %d day%s.,Bu haftanın merdivenini temizledin. %d–%d katlarının kuralları %d gün%s sonra değişir.,scripts/ui/Main.gd:1482
Guardians,Muhafızlar,scripts/ui/Main.gd:1489
Floor %d,Kat %d,scripts/ui/Main.gd:1500
%s (floor %d),%s (kat %d),scripts/ui/Main.gd:1513
Titles: ,Unvanlar: ,scripts/ui/Main.gd:1514
Guardian: ,Muhafız: ,scripts/ui/Main.gd:1532
Elite fight,Seçkin dövüşü,scripts/ui/Main.gd:1532
Fight,Dövüş,scripts/ui/Main.gd:1532
  ·  weekly ladder,  ·  haftalık merdiven,scripts/ui/Main.gd:1533
Rule · %s — %s,Kural · %s — %s,scripts/ui/Main.gd:1542
No special rules on this floor.,Bu katta özel kural yok.,scripts/ui/Main.gd:1546
Assemble party (up to %d + the Champion),Ekip kur (en fazla %d + Şampiyon),scripts/ui/Main.gd:1552
First clear:,İlk temizleme:,scripts/ui/Main.gd:1570
This week's re-clear:,Bu haftanın tekrar temizlemesi:,scripts/ui/Main.gd:1570
Floor %d — %s,Kat %d — %s,scripts/ui/Main.gd:1607
Today: %s · starts with %s,Bugün: %s · başlangıç: %s,scripts/ui/Main.gd:1618
 · streak %d, · seri %d,scripts/ui/Main.gd:1620
Done for today. A new Daily Rift opens tomorrow (%s).,Bugünlük bu kadar. Yarın yeni bir Günlük Yarık açılır (%s).,scripts/ui/Main.gd:1625
Daily Rift — %s,Günlük Yarık — %s,scripts/ui/Main.gd:1643
One attempt today; every guild faces the same rift. Rule: %s Starting boon: %s (%s). Sealing it pays +%d Essence.,Bugün tek deneme hakkın var; her lonca aynı yarıkla yüzleşir. Kural: %s Başlangıç lütfu: %s (%s). Mühürlemek +%d Öz kazandırır.,scripts/ui/Main.gd:1644
Up to %d heroes and the Champion. Everyone fights at full HP and leaves as they came.%s,En fazla %d kahraman ve Şampiyon. Herkes tam canla dövüşür ve geldiği gibi ayrılır.%s,scripts/ui/Main.gd:1648
 Rules: , Kurallar: ,scripts/ui/Main.gd:1648
Finale — %s,Final — %s,scripts/ui/Main.gd:1650
A harder %s Rift that ends in %s. Up to 4 heroes.,Daha zor bir %s Yarığı; sonunda %s var. En fazla 4 kahraman.,scripts/ui/Main.gd:1651
Assemble Party (up to 4),Ekip Kur (en fazla 4),scripts/ui/Main.gd:1653
Pick your party,Ekibini seç,scripts/ui/Main.gd:1654
"Add heroes, then Enter the Rift. The front row takes most of the hits; the back row is attacked far less.","Kahraman ekle, sonra Yarığa Gir. Ön sıra darbelerin çoğunu alır; arka sıraya çok daha az saldırılır.",scripts/ui/Main.gd:1654
%s row (%d) — %s,%s sıra (%d) — %s,scripts/ui/Main.gd:1687
takes most of the enemy's attacks,düşman saldırılarının çoğunu alır,scripts/ui/Main.gd:1688
Drag a hero here,Buraya bir kahraman sürükle,scripts/ui/Main.gd:1696
No heroes yet — recruit some under Roster > Recruits first.,Henüz kahraman yok — önce Kadro > Adaylar'dan birkaç tane işe al.,scripts/ui/Main.gd:1703
"Roster — drag into a row, or Add (joins their natural row)",Kadro — bir sıraya sürükle ya da Ekle (kendi doğal sırasına katılır),scripts/ui/Main.gd:1705
"Starting Relic (pick one, optional)","Başlangıç Kalıntısı (birini seç, isteğe bağlı)",scripts/ui/Main.gd:1716
Add at least one hero to the party.,Ekibe en az bir kahraman ekle.,scripts/ui/Main.gd:1769
Wounded: %s — they start the rift hurt.,Yaralı: %s — yarığa yaralı başlarlar.,scripts/ui/Main.gd:1771
"Endless Rift: you steer %s (the first hero you picked); the others follow and fight on their own. Your build comes along: gear, skills, equipped relics, dodge and mending, and each hero's Ability. Survive the waves, and beat the Rift Warden at 20:00 to seal the rift.","Sonsuz Yarık: %s karakterini sen yönetirsin (ilk seçtiğin kahraman); diğerleri takip eder ve kendi başına dövüşür. Donanımın seninle gelir: teçhizat, beceriler, kuşanılmış kalıntılar, kaçınma ve iyileşme, her kahramanın Yeteneği. Dalgalara dayan ve yarığı mühürlemek için 20:00'de Yarık Bekçisini yen.",scripts/ui/Main.gd:1779
Begin the trial,Sınava başla,scripts/ui/Main.gd:1781
Enter the Rift,Yarığa Gir,scripts/ui/Main.gd:1781
Region:,Bölge:,scripts/ui/Main.gd:1845
The ,,scripts/ui/Main.gd:1851
Your best time in %s. It sets the foes you'll meet and the Rift Warden at 20:00 (%s).,%s bölgesindeki en iyi süren. Karşılaşacağın düşmanları ve 20:00'deki Yarık Bekçisini (%s) belirler.,scripts/ui/Main.gd:1854
%d gold,%d altın,scripts/ui/Main.gd:1866
%d essence,%d öz,scripts/ui/Main.gd:1867
the relic %s,%s kalıntısı,scripts/ui/Main.gd:1869
"the title ""%s""","""%s"" unvanı",scripts/ui/Main.gd:1871
Beat the Rift Warden at 20:00,20:00'de Yarık Bekçisini yen,scripts/ui/Main.gd:1872
Survive %d:00,%d:00'a kadar dayan,scripts/ui/Main.gd:1872
Next milestone: %s for %s.,Sonraki kilometre taşı: %s — ödül: %s.,scripts/ui/Main.gd:1873
Hide feedback,Geri bildirimi gizle,scripts/ui/Main.gd:1950
Audio,Ses,scripts/ui/Main.gd:1958
Battle speed,Savaş hızı,scripts/ui/Main.gd:1972
Instant,Anında,scripts/ui/Main.gd:1974
Fights resolve with no animation; the screen updates when it's your turn,Dövüşler animasyonsuz çözülür; sıra sana gelince ekran güncellenir,scripts/ui/Main.gd:1981
Battle animations at %d× speed,Savaş animasyonları %d× hızda,scripts/ui/Main.gd:1981
Display,Görüntü,scripts/ui/Main.gd:1986
Text & UI size,Yazı ve arayüz boyutu,scripts/ui/Main.gd:1991
The game fits your browser window automatically.,Oyun tarayıcı pencerene kendiliğinden sığar.,scripts/ui/Main.gd:2006
Resolution: %s,Çözünürlük: %s,scripts/ui/Main.gd:2011
Accessibility,Erişilebilirlik,scripts/ui/Main.gd:2020
Reduce motion: %s,Hareketi azalt: %s,scripts/ui/Main.gd:2023
on,açık,scripts/ui/Main.gd:2023
off,kapalı,scripts/ui/Main.gd:2023
"No screen shake, zooms, knockbacks, idle sway or flashing in fights","Dövüşlerde ekran sarsıntısı, yakınlaştırma, geri itilme, bekleme salınımı ya da yanıp sönme olmaz",scripts/ui/Main.gd:2027
Colour-blind mode: %s,Renk körü modu: %s,scripts/ui/Main.gd:2029
"Blue instead of green wherever it sits against red (HP, fight readouts, stat changes), and a rarity letter on every item","Kırmızının karşısındaki her yerde yeşil yerine mavi (can, dövüş göstergeleri, istatistik değişimleri) ve her eşyada bir nadirlik harfi",scripts/ui/Main.gd:2033
Hearing aid: %s,İşitme desteği: %s,scripts/ui/Main.gd:2035
"Sounds that tell you something also show as captions at the bottom of the screen (a boss arriving, a heavy blow, a hero going down, a wind-up, a chest dropping), and the biggest ones pulse the screen's edges","Bilgi veren sesler ekranın altında altyazı olarak da görünür (bir boss'un gelişi, ağır bir darbe, düşen bir kahraman, güç toplama, düşen bir sandık); en önemlileri ekranın kenarlarını da yanıp söndürür",scripts/ui/Main.gd:2039
Tips,İpuçları,scripts/ui/Main.gd:2044
Tips: %s,İpuçları: %s,scripts/ui/Main.gd:2047
Show all tips again,Tüm ipuçlarını yeniden göster,scripts/ui/Main.gd:2052
Save Slots,Kayıt Yuvaları,scripts/ui/Main.gd:2061
Backup,Yedek,scripts/ui/Main.gd:2077
Saves live in this browser/device only; clearing site data erases them. Export one to keep a copy or move it to another device. The previous save is also kept automatically in case one gets damaged.,Kayıtlar yalnızca bu tarayıcıda/cihazda durur; site verilerini temizlemek onları siler. Bir kopya tutmak ya da başka cihaza taşımak için dışa aktar. Bir kayıt bozulursa diye önceki kayıt da kendiliğinden saklanır.,scripts/ui/Main.gd:2078
Last exported: %s,Son dışa aktarım: %s,scripts/ui/Main.gd:2080
day %d (today is day %d),gün %d (bugün gün %d),scripts/ui/Main.gd:2080
Export save,Kaydı dışa aktar,scripts/ui/Main.gd:2085
Nothing to export in this slot yet.,Bu yuvada henüz dışa aktarılacak bir şey yok.,scripts/ui/Main.gd:2088
"Downloaded, and copied to the clipboard.",İndirildi ve panoya kopyalandı.,scripts/ui/Main.gd:2093
Copied to the clipboard — paste it somewhere safe.,Panoya kopyalandı — güvenli bir yere yapıştır.,scripts/ui/Main.gd:2095
Import save…,Kayıt içe aktar…,scripts/ui/Main.gd:2100
Cancel import,İçe aktarmayı iptal et,scripts/ui/Main.gd:2100
Paste an exported save below%s. It replaces Slot %d%s.,Dışa aktarılmış bir kaydı aşağıya yapıştır%s. Yuva %d'nin yerine geçer%s.,scripts/ui/Main.gd:2109
Choose file…,Dosya seç…,scripts/ui/Main.gd:2111
"{""guild_name"": ...}",,scripts/ui/Main.gd:2114
Replace Slot %d with this save,Yuva %d'yi bu kayıtla değiştir,scripts/ui/Main.gd:2118
Save imported.,Kayıt içe aktarıldı.,scripts/ui/Main.gd:2126
Slot %d — Empty,Yuva %d — Boş,scripts/ui/Main.gd:2156
Slot %d — %s (%d rift%s sealed),Yuva %d — %s (%d yarık%s mühürlendi),scripts/ui/Main.gd:2159
  (Active),  (Etkin),scripts/ui/Main.gd:2161
Play,Oyna,scripts/ui/Main.gd:2169
Click again to confirm delete,Silmeyi onaylamak için tekrar tıkla,scripts/ui/Main.gd:2173
Delete,Sil,scripts/ui/Main.gd:2173
Drag onto the Front or Back row,Ön ya da Arka sıraya sürükle,scripts/ui/Main.gd:2223
Champion: ,Şampiyon: ,scripts/ui/Main.gd:2229
Lv%d %s · %d/%d HP%s,Sv%d %s · %d/%d Can%s,scripts/ui/Main.gd:2234
 · out %d run%s, · %d koşu%s dışarıda,scripts/ui/Main.gd:2234
 · away %d run%s, · %d koşu%s uzakta,scripts/ui/Main.gd:2234
Wounded — %d%% HP,Yaralı — %%%d Can,scripts/ui/Main.gd:2236
Starts the rift at this HP. A Medical Bay bed or a rest heals them.,Yarığa bu canla başlar. Revirde bir yatak ya da dinlenme iyileştirir.,scripts/ui/Main.gd:2238
Power %d,Güç %d,scripts/ui/Main.gd:2240
Move %s,Taşı: %s,scripts/ui/Main.gd:2251
Remove,Çıkar,scripts/ui/Main.gd:2255
Add,Ekle,scripts/ui/Main.gd:2260
"Combat — 1-3 monsters. Gold, Essence and a loot pick.","Dövüş — 1-3 canavar. Altın, Öz ve bir ganimet seçimi.",scripts/ui/RiftRunView.gd:12
"Elite — one tough foe (double HP, harder hits). +40% rewards.","Seçkin — tek ama zorlu bir düşman (iki kat can, daha sert darbeler). Ödüller +%40.",scripts/ui/RiftRunView.gd:13
Shop — spend Gold on items and relics. No fighting.,Dükkân — eşya ve kalıntılara Altın harca. Dövüş yok.,scripts/ui/RiftRunView.gd:14
Hazard — a trap that hurts the party (hazard guard helps). May drop Gold or Essence.,Tehlike — ekibe zarar veren bir tuzak (tehlike koruması yardımcı olur). Altın ya da Öz düşürebilir.,scripts/ui/RiftRunView.gd:15
"Boss — the rift's warden, with a special mechanic. Win to seal the rift.",Boss — özel bir mekaniği olan yarık bekçisi. Yarığı mühürlemek için kazan.,scripts/ui/RiftRunView.gd:16
"Campfire — rest (heal), train (XP) or sharpen (abilities ready). No fighting.","Kamp ateşi — dinlen (iyileş), eğit (TP) ya da bile (yetenekler hazır). Dövüş yok.",scripts/ui/RiftRunView.gd:17
Event — a strange encounter with a few choices; each says what it does.,Olay — birkaç seçenekli tuhaf bir karşılaşma; her biri ne yaptığını söyler.,scripts/ui/RiftRunView.gd:18
Treasure — pick one of two loot drops. No fighting.,Hazine — iki ganimetten birini seç. Dövüş yok.,scripts/ui/RiftRunView.gd:19
"
(click to take this path)","
(bu yolu seçmek için tıkla)",scripts/ui/RiftRunView.gd:70
Choose your path — click a node on the map.,Yolunu seç — haritada bir noktaya tıkla.,scripts/ui/RiftRunView.gd:183
 — Floor %d, — Kat %d,scripts/ui/RiftRunView.gd:229
Relic ward %d,Kalıntı koruması %d,scripts/ui/RiftRunView.gd:244
Leave the rift? You keep your loot but miss the sealing reward.,Yarıktan ayrılıyor musun? Ganimetin sende kalır ama mühürleme ödülünü kaçırırsın.,scripts/ui/RiftRunView.gd:255
Leave rift,Yarıktan ayrıl,scripts/ui/RiftRunView.gd:258
Stay,Kal,scripts/ui/RiftRunView.gd:264
Retreat,Geri çekil,scripts/ui/RiftRunView.gd:266
"Leave the rift now — keep your loot, no sealing reward","Yarıktan şimdi ayrıl — ganimet sende kalır, mühürleme ödülü yok",scripts/ui/RiftRunView.gd:267
This rift is on the rift ladder at Rank %s. Its rules:,"Bu yarık, yarık merdiveninde Rütbe %s. Kuralları:",scripts/ui/RiftRunView.gd:275
 · down, · düştü,scripts/ui/RiftRunView.gd:295
Guild Orders  %d/%d,Lonca Emirleri  %d/%d,scripts/ui/RiftRunView.gd:324
Orders from your Guild Management upgrades. You get %d per rift (more at Renowned and Legendary guild tier).,Lonca Yönetimi geliştirmelerinden gelen emirler. Yarık başına %d alırsın (Ünlü ve Efsanevi lonca kademesinde daha fazla).,scripts/ui/RiftRunView.gd:327
Boons,Lütuflar,scripts/ui/RiftRunView.gd:356
Daily Rift · Rule · %s — %s,Günlük Yarık · Kural · %s — %s,scripts/ui/RiftRunView.gd:363
This rift's region sets which foes you'll meet.,Bu yarığın bölgesi hangi düşmanlarla karşılaşacağını belirler.,scripts/ui/RiftRunView.gd:374
Training rift — shorter and gentler than a real one. Beat the boss at the end to seal it.,Eğitim yarığı — gerçeğinden daha kısa ve yumuşak. Mühürlemek için sondaki boss'u yen.,scripts/ui/RiftRunView.gd:378
Choosing a path,Yol seçmek,scripts/ui/RiftRunView.gd:383
"Each floor offers a choice. Fights give gold and loot; elites hit harder and pay more; shops, campfires, events and treasure help in other ways. The last floor is the boss.","Her kat bir seçim sunar. Dövüşler altın ve ganimet verir; seçkinler daha sert vurur ve daha çok öder; dükkânlar, kamp ateşleri, olaylar ve hazineler başka yollarla yardım eder. Son kat boss'tur.",scripts/ui/RiftRunView.gd:383
How fights work,Dövüşler nasıl işler,scripts/ui/RiftRunView.gd:385
"Heroes and foes act in the turn order shown under the arena. The tag above each foe shows its next move: who it hits, or a Sweep, Snipe, Curse, Ward, Mend or Roar. Attacks build Momentum (the pips under the hero's name); skills (2-4) spend it. Defend (5) halves damage and Guard (6) takes a hit for an ally, both earning Momentum. Foes ""winding up"" land a heavy blow next round: Defend, or break it with Shield Bash or Frost Nova. Melee heroes hit at half strength from the back row.","Kahramanlar ve düşmanlar arenanın altında gösterilen sırayla hareket eder. Her düşmanın üstündeki etiket bir sonraki hamlesini gösterir: kime vuracağı ya da Süpürme, Nişan, Lanet, Koruma, İyileştirme veya Kükreme. Saldırılar İvme biriktirir (kahramanın adının altındaki noktalar); beceriler (2-4) onu harcar. Savun (5) hasarı yarıya indirir, Koru (6) bir müttefik yerine darbe alır; ikisi de İvme kazandırır. ""Güç toplayan"" düşmanlar sonraki tur ağır bir darbe indirir: Savun ya da Kalkan Darbesi veya Buz Novası ile boz. Yakın dövüş kahramanları arka sıradan yarı güçle vurur.",scripts/ui/RiftRunView.gd:385
Picking loot,Ganimet seçmek,scripts/ui/RiftRunView.gd:387
Choose one reward. Items are worn by one hero (equip them on the Roster's Hero tab); relics go on the Relic Altar and help the whole party.,Bir ödül seç. Eşyaları tek bir kahraman kuşanır (Kadro'nun Kahraman sekmesinde kuşan); kalıntılar Kalıntı Sunağı'na konur ve tüm ekibe yardım eder.,scripts/ui/RiftRunView.gd:387
Rift Sealed! +%d Essence%s%s,Yarık Mühürlendi! +%d Öz%s%s,scripts/ui/RiftRunView.gd:405
 (+%d%% Wardstones), (+%%%d Koruma Taşları),scripts/ui/RiftRunView.gd:407
 · Rift Cache found: +%d Gold!, · Yarık Zulası bulundu: +%d Altın!,scripts/ui/RiftRunView.gd:408
Daily Rift sealed! +%d Essence · streak %d,Günlük Yarık mühürlendi! +%d Öz · seri %d,scripts/ui/RiftRunView.gd:413
Rift Hallway Shop,Yarık Koridoru Dükkânı,scripts/ui/RiftRunView.gd:455
Trade Network: -%d%% prices,Ticaret Ağı: fiyatlar -%%%d,scripts/ui/RiftRunView.gd:457
Reroll offers (%d Gold),Teklifleri yenile (%d Altın),scripts/ui/RiftRunView.gd:464
Replace every offer you haven't bought. Costs more each time.,Satın almadığın her teklifi değiştir. Her seferinde daha pahalı.,scripts/ui/RiftRunView.gd:468
Bought,Satın alındı,scripts/ui/RiftRunView.gd:504
Buy — %d Gold,Satın al — %d Altın,scripts/ui/RiftRunView.gd:506
Mild,Hafif,scripts/ui/RiftRunView.gd:535
Moderate,Orta,scripts/ui/RiftRunView.gd:537
Severe,Ağır,scripts/ui/RiftRunView.gd:538
Downed — decide before moving on,Düştü — devam etmeden önce karar ver,scripts/ui/RiftRunView.gd:547
Carry out (+1 day),Taşıyarak çıkar (+1 gün),scripts/ui/RiftRunView.gd:581
The party carries them home. A day passes and the quest board moves on.,Ekip onu eve taşır. Bir gün geçer ve görev panosu ilerler.,scripts/ui/RiftRunView.gd:581
Send %d from camp,Kamptan %d kişi gönder,scripts/ui/RiftRunView.gd:585
%s fetch them — away %d run%s.,%s onu getirir — %d koşu%s uzakta.,scripts/ui/RiftRunView.gd:586
"Needs %d idle hero%s at camp (not in this rift, not recovering).","Kampta %d boşta kahraman%s gerekir (bu yarıkta olmayan, toparlanmayan).",scripts/ui/RiftRunView.gd:586
Heal (%s),İyileştir (%s),scripts/ui/RiftRunView.gd:588
"Back up at %d%% HP, %d%% less max HP until the rift ends. Once per rift.",%%%d canla ayağa kalkar; yarık bitene kadar en yüksek canı %%%d düşük. Yarık başına bir kez.,scripts/ui/RiftRunView.gd:589
"Needs a Rank %s+ Cleric in the party, a Cleric Champion, or Field Triage (Medical) — once per rift.","Ekipte Rütbe %s+ bir Rahip, bir Rahip Şampiyon ya da Sahada Triyaj (Revir) gerekir — yarık başına bir kez.",scripts/ui/RiftRunView.gd:589
Leave them,Onu bırak,scripts/ui/RiftRunView.gd:591
They stay in the rift. Seal it and they're found alive; retreat or fall and they're lost for good.,Yarıkta kalır. Yarığı mühürlersen sağ bulunur; geri çekilir ya da düşersen sonsuza dek kaybedilir.,scripts/ui/RiftRunView.gd:591
A new guild can't leave anyone behind (seal 3 rifts first).,Yeni bir lonca kimseyi geride bırakamaz (önce 3 yarık mühürle).,scripts/ui/RiftRunView.gd:591
Campfire,Kamp ateşi,scripts/ui/RiftRunView.gd:617
A sheltered corner of the rift. There's time for one thing before moving on.,Yarığın korunaklı bir köşesi. Devam etmeden önce tek bir şeye vakit var.,scripts/ui/RiftRunView.gd:622
Rest,Dinlen,scripts/ui/RiftRunView.gd:627
Every hero heals %d%% HP,Her kahraman canının %%%d'ini iyileştirir,scripts/ui/RiftRunView.gd:628
%d of %d hurt right now,Şu an %d / %d yaralı,scripts/ui/RiftRunView.gd:628
Train,Eğit,scripts/ui/RiftRunView.gd:630
Every hero gains %d XP,Her kahraman %d TP kazanır,scripts/ui/RiftRunView.gd:631
Sharpen,Bile,scripts/ui/RiftRunView.gd:633
%d%% — %s has %s %d (needs %d),%%%d — %s: %s %d (gereken %d),scripts/ui/RiftRunView.gd:660
You can't afford this,Buna paran yetmiyor,scripts/ui/RiftRunView.gd:662
Treasure,Hazine,scripts/ui/RiftRunView.gd:673
You take your pick and pack it away.,Seçimini yapıp çantana koyuyorsun.,scripts/ui/RiftRunView.gd:675
A forgotten stash. There's only room to carry one of these.,Unutulmuş bir zula. Bunlardan yalnızca birini taşıyacak yer var.,scripts/ui/RiftRunView.gd:678
Your Anchor Artifact blocks it — no damage,Çapa Eserin engelliyor — hasar yok,scripts/ui/RiftRunView.gd:713
No damage (fully warded),Hasar yok (tamamen korumalı),scripts/ui/RiftRunView.gd:715
"%d damage, about %d per hero","%d hasar, kahraman başına yaklaşık %d",scripts/ui/RiftRunView.gd:716
 (wards absorb %d), (korumalar %d emer),scripts/ui/RiftRunView.gd:718
Knocks out: %s,Bayıltır: %s,scripts/ui/RiftRunView.gd:735
Hide Gear,Teçhizatı Gizle,scripts/ui/RiftRunView.gd:747
Gear Up,Teçhizat,scripts/ui/RiftRunView.gd:747
Rank %s: harsher hazards. %s,Rütbe %s: daha sert tehlikeler. %s,scripts/ui/RiftRunView.gd:785
Push Through,Zorla geç,scripts/ui/RiftRunView.gd:807
%d%% chance of 2-6 %s,%%%d ihtimalle 2-6 %s,scripts/ui/RiftRunView.gd:808
Bypass,Etrafından dolaş,scripts/ui/RiftRunView.gd:810
Costs %d Essence (you have %d),%d Öz tutar (sende %d),scripts/ui/RiftRunView.gd:811
Risk it for Loot,Ganimet için riske gir,scripts/ui/RiftRunView.gd:813
Guaranteed 2-6 %s,Garanti 2-6 %s,scripts/ui/RiftRunView.gd:814
No heroes recruited yet.,Henüz kahraman işe alınmadı.,scripts/ui/RosterView.gd:20
Power,Güç,scripts/ui/RosterView.gd:47
Level,Seviye,scripts/ui/RosterView.gd:48
Rank,Rütbe,scripts/ui/RosterView.gd:49
Lv%d %s (%s) · %d/%d HP · Power %d · %s · Morale %d %s,Sv%d %s (%s) · %d/%d Can · Güç %d · %s · Moral %d %s,scripts/ui/RosterView.gd:66
Personality (from their trait) — e.g. “%s”,Kişilik (özelliğinden) — örn. “%s”,scripts/ui/RosterView.gd:67
Hero,Kahraman,scripts/ui/RosterView.gd:88
History,Geçmiş,scripts/ui/RosterView.gd:90
Skill: %s · %d Momentum%s,Beceri: %s · %d İvme%s,scripts/ui/RosterView.gd:120
 · %s row, · %s sıra,scripts/ui/RosterView.gd:120
 %s twist: %s., %s dokunuşu: %s.,scripts/ui/RosterView.gd:121
Unlocks at Lv%d,Sv%d'de açılır,scripts/ui/RosterView.gd:124
Ability: %s,Yetenek: %s,scripts/ui/RosterView.gd:133
Unlocks at Lv3,Sv3'te açılır,scripts/ui/RosterView.gd:137
Awakened (%s),Uyandı (%s),scripts/ui/RosterView.gd:139
"Awaken (%d SP, %s)","Uyandır (%d BP, %s)",scripts/ui/RosterView.gd:141
"Evolving replaces this Ability, but skill trees carry over.",Evrimleşmek bu Yeteneğin yerine yenisini koyar ama beceri ağaçları korunur.,scripts/ui/RosterView.gd:149
Evolve (%d Essence),Evrimleş (%d Öz),scripts/ui/RosterView.gd:157
Evolve — %s,Evrimleş — %s,scripts/ui/RosterView.gd:157
Hide evolution paths,Evrim yollarını gizle,scripts/ui/RosterView.gd:159
"[b]%s[/b] — Rank %s, %s","[b]%s[/b] — Rütbe %s, %s",scripts/ui/RosterView.gd:167
Main stat: %s,Ana nitelik: %s,scripts/ui/RosterView.gd:168
Passive: %s,Pasif: %s,scripts/ui/RosterView.gd:169
Ability: %s — %s,Yetenek: %s — %s,scripts/ui/RosterView.gd:172
Choose,Seç,scripts/ui/RosterView.gd:174
Hide %s,Gizle: %s,scripts/ui/RosterView.gd:194
Skill Points: %d,Beceri Puanı: %d,scripts/ui/RosterView.gd:202
Respec this tree (%d Gold),Bu ağacı sıfırla (%d Altın),scripts/ui/RosterView.gd:210
No deeds yet — send this hero into a rift.,Henüz bir başarısı yok — bu kahramanı bir yarığa gönder.,scripts/ui/RosterView.gd:221
Equip best (%d),En iyisini kuşan (%d),scripts/ui/RosterView.gd:264
Equipped best gear,En iyi teçhizat kuşanıldı,scripts/ui/RosterView.gd:267
Power %d → %d,Güç %d → %d,scripts/ui/RosterView.gd:267
Fill this hero's slots with the strongest free gear that fits them. Gear worn by other heroes is left alone.,Bu kahramanın yuvalarını ona uyan en güçlü boştaki teçhizatla doldur. Diğer kahramanların kuşandıklarına dokunulmaz.,scripts/ui/RosterView.gd:269
Another gear slot opens at rank %s,Rütbe %s'de bir teçhizat yuvası daha açılır,scripts/ui/RosterView.gd:281
No unequipped gear this hero can use.,Bu kahramanın kullanabileceği boşta teçhizat yok.,scripts/ui/RosterView.gd:312
"Inventory — drag onto a slot to equip (%d usable, %d need more attributes)","Envanter — kuşanmak için bir yuvaya sürükle (%d kullanılabilir, %d daha yüksek nitelik ister)",scripts/ui/RosterView.gd:315
Build: ,Yapı: ,scripts/ui/RosterView.gd:330
Quirks:,Huylar:,scripts/ui/RosterView.gd:340
born with it,doğuştan,scripts/ui/RosterView.gd:349
a scar,bir yara izi,scripts/ui/RosterView.gd:349
Treat (%d Gold),Tedavi et (%d Altın),scripts/ui/RosterView.gd:353
HP,Can,scripts/ui/RosterView.gd:364
first strike,ilk vuruş,scripts/ui/RosterView.gd:365
ability power,yetenek gücü,scripts/ui/RosterView.gd:365
Attributes,Nitelikler,scripts/ui/RosterView.gd:380
%d point%s to spend,Harcanacak %d puan%s,scripts/ui/RosterView.gd:382
Spend them the %s way,%s yoluyla harca,scripts/ui/RosterView.gd:390
(%+d gear),(%+d teçhizat),scripts/ui/RosterView.gd:407
"
%d is the baseline: above it adds, below it takes a little away.
","
%d temel değerdir: üstü katkı sağlar, altı biraz eksiltir.
",scripts/ui/RosterView.gd:421
at the baseline,temel değerde,scripts/ui/RosterView.gd:423
below the baseline,temel değerin altında,scripts/ui/RosterView.gd:423
small gains,küçük kazançlar,scripts/ui/RosterView.gd:423
Trained %d/%d,Eğitim %d/%d,scripts/ui/RosterView.gd:439
Train +1 — %d,Eğit +1 — %d,scripts/ui/RosterView.gd:439
Buy an attribute point with Gold (%d/%d trained; each costs %d more). Training Yard: %d of %d left this week.,Altınla bir nitelik puanı al (%d/%d eğitildi; her biri %d daha pahalı). Talim Alanı: bu hafta %d / %d kaldı.,scripts/ui/RosterView.gd:446
Yard full this week,Talim alanı bu hafta dolu,scripts/ui/RosterView.gd:448
Confirm — %d,Onayla — %d,scripts/ui/RosterView.gd:458
Keep,Koru,scripts/ui/RosterView.gd:465
Reset %d,Sıfırla %d,scripts/ui/RosterView.gd:467
Refund all %d spent points for %d Essence (you have %d),Harcanan %d puanın hepsini %d Öz karşılığında iade et (sende %d),scripts/ui/RosterView.gd:472
Stats,İstatistikler,scripts/ui/RosterView.gd:514
Damage,Hasar,scripts/ui/RosterView.gd:528
Speed,Hız,scripts/ui/RosterView.gd:529
Learned,Öğrenildi,scripts/ui/RosterView.gd:570
Locked out by your other path,Diğer yolun yüzünden kilitli,scripts/ui/RosterView.gd:573
Requires Lv%d,Sv%d gerekir,scripts/ui/RosterView.gd:575
Needs prerequisite,Ön koşul gerekir,scripts/ui/RosterView.gd:577
Seal a Rank %s+ rift first,Önce Rütbe %s+ bir yarık mühürle,scripts/ui/RosterView.gd:579
Needs %d Essence,%d Öz gerekir,scripts/ui/RosterView.gd:581
Needs %d SP,%d BP gerekir,scripts/ui/RosterView.gd:583
Learn (%d SP%s),Öğren (%d BP%s),scripts/ui/RosterView.gd:585
 + %d Essence, + %d Öz,scripts/ui/RosterView.gd:585
"
Cheaper: your quirks suit this path","
Daha ucuz: huyların bu yola uygun",scripts/ui/RosterView.gd:587
"
%s+%s if a party ally has reached %s's capstone","
%s+%s, bir ekip arkadaşı %s zirvesine ulaşmışsa",scripts/ui/RosterView.gd:592
(Active) ,(Etkin) ,scripts/ui/RosterView.gd:593
Tier 2,Kademe 2,scripts/ui/RosterView.gd:643
Path,Yol,scripts/ui/RosterView.gd:643
Mastery,Ustalık,scripts/ui/RosterView.gd:643
Lv%d %s (%s) · %d/%d HP%s,Sv%d %s (%s) · %d/%d Can%s,scripts/ui/RosterView.gd:756
Unspent skill points or gear that fits an empty slot,Harcanmamış beceri puanı ya da boş bir yuvaya uyan teçhizat,scripts/ui/RosterView.gd:764
Weapon,Silah,scripts/ui/RosterView.gd:782
Gear,Teçhizat,scripts/ui/RosterView.gd:782
Unequip,Çıkar,scripts/ui/RosterView.gd:1391
No unequipped %s available.,Boşta %s yok.,scripts/ui/RosterView.gd:843
Equip,Kuşan,scripts/ui/RosterView.gd:845
Close,Kapat,scripts/ui/RosterView.gd:1147
Supplies,Erzak,scripts/ui/RosterView.gd:900
Gear  %d,Teçhizat  %d,scripts/ui/RosterView.gd:928
Supplies  %d,Erzak  %d,scripts/ui/RosterView.gd:928
Rarity,Nadirlik,scripts/ui/RosterView.gd:960
Value,Değer,scripts/ui/RosterView.gd:961
Name,Ad,scripts/ui/RosterView.gd:962
No unequipped items here — loot drops in rifts.,Burada boşta eşya yok — ganimet yarıklarda düşer.,scripts/ui/RosterView.gd:973
Click an item to see it and equip it.  + fills someone's empty slot.,Görmek ve kuşanmak için bir eşyaya tıkla.  + birinin boş yuvasını doldurur.,scripts/ui/RosterView.gd:975
%s — click for details,%s — ayrıntılar için tıkla,scripts/ui/RosterView.gd:1036
Equip → %s,Kuşan → %s,scripts/ui/RosterView.gd:1099
Swap → %s,Değiştir → %s,scripts/ui/RosterView.gd:1099
Equip on,Kuşandır,scripts/ui/RosterView.gd:1106
Needs %d %s: %s,%d %s gerekir: %s,scripts/ui/RosterView.gd:1109
Reforge — reroll one stat (%d Essence),Yeniden döv — bir istatistiği yenile (%d Öz),scripts/ui/RosterView.gd:1112
Reroll %s value,%s değerini yenile,scripts/ui/RosterView.gd:1120
Reroll %s,Yenile: %s,scripts/ui/RosterView.gd:1120
The value rerolls; the kind stays.,Değer yenilenir; tür aynı kalır.,scripts/ui/RosterView.gd:1127
Rerolls into any stat this item doesn't already have (or the same one).,Bu eşyada olmayan herhangi bir istatistiğe (ya da aynısına) dönüşür.,scripts/ui/RosterView.gd:1127
Sell,Sat,scripts/ui/RosterView.gd:1133
Salvage +%d,Söküp kurtar +%d,scripts/ui/RosterView.gd:1139
"Tonics — belt %d/%d · drink one in a fight on a hero's turn (Tonics, key 8)","Tonikler — kemer %d/%d · dövüşte bir kahramanın sırasında iç (Tonikler, tuş 8)",scripts/ui/RosterView.gd:1155
Buy,Satın al,scripts/ui/RosterView.gd:1158
%s (%d Gold) — %s · carrying %d,%s (%d Altın) — %s · taşınan %d,scripts/ui/RosterView.gd:1165
Relic Altar — %d/%d slots · every relic empowers the whole party,Kalıntı Sunağı — %d/%d yuva · her kalıntı tüm ekibi güçlendirir,scripts/ui/RosterView.gd:1177
Collection (%d),Koleksiyon (%d),scripts/ui/RosterView.gd:1189
"No spare relics — they drop from fights, treasure and shops.","Yedek kalıntı yok — dövüşlerden, hazinelerden ve dükkânlardan düşer.",scripts/ui/RosterView.gd:1191
Empty slot — pick a relic from your collection,Boş yuva — koleksiyonundan bir kalıntı seç,scripts/ui/RosterView.gd:1225
%s · Lv%d%s,%s · Sv%d%s,scripts/ui/RosterView.gd:1244
 · Awakened, · Uyanmış,scripts/ui/RosterView.gd:1244
%s,,scripts/ui/RosterView.gd:1255
") % [_loot_display_name(r), ",,scripts/ui/RosterView.gd:1257
.join(lines)],,scripts/ui/RosterView.gd:1258
Lv%d%s,Sv%d%s,scripts/ui/RosterView.gd:1304
%s %s relic · Lv%d/%d%s,%s %s kalıntı · Sv%d/%d%s,scripts/ui/RosterView.gd:1349
+%d party damage · +%d rift shield,+%d ekip hasarı · +%d yarık kalkanı,scripts/ui/RosterView.gd:1350
Combo: stronger with %s%s,Kombo: %s%s ile daha güçlü,scripts/ui/RosterView.gd:1359
 (active!), (etkin!),scripts/ui/RosterView.gd:1359
Reroll,Yenile,scripts/ui/RosterView.gd:1372
Reroll this effect for %d Essence (each reroll costs more),Bu etkiyi %d Öz karşılığında yenile (her yenileme daha pahalı),scripts/ui/RosterView.gd:1379
Reaches Lv%d: awakens with one more effect.,Sv%d'ye ulaşınca bir etki daha kazanarak uyanır.,scripts/ui/RosterView.gd:1383
Place on the altar,Sunağa koy,scripts/ui/RosterView.gd:1396
Every altar slot is full — take a relic off first,Sunaktaki tüm yuvalar dolu — önce bir kalıntıyı kaldır,scripts/ui/RosterView.gd:1402
Upgrade — %d,Geliştir — %d,scripts/ui/RosterView.gd:1406
Scrap,Hurdaya çıkar,scripts/ui/RosterView.gd:1421
Foes ×%s HP · ×%s damage,Düşmanlar ×%s can · ×%s hasar,scripts/ui/UiKit.gd:343
Rank %s foes have %s× the HP and %s× the damage of a base %s Rift.,"Rütbe %s düşmanlarının canı %s×, hasarı %s×; temel %s Yarığına göre.",scripts/ui/UiKit.gd:344
[color=#%s]%s[/color],,scripts/ui/UiKit.gd:1014
 [combo active!], [kombo etkin!],scripts/ui/UiKit.gd:833
Unique,Eşsiz,scripts/ui/UiKit.gd:839
Rank %s · %s,Rütbe %s · %s,scripts/ui/UiKit.gd:843
Base: %s · %s,Temel: %s · %s,scripts/ui/UiKit.gd:854
 (needs %d), (gereken %d),scripts/ui/UiKit.gd:856
Out of position — suits the %s row (%s),Yanlış yerde — %s sıraya uygun (%s),scripts/ui/UiKit.gd:869
%s row · %s: %s,%s sıra · %s: %s,scripts/ui/UiKit.gd:873
None,Yok,scripts/ui/UiKit.gd:881
"[hint=""%s — %s""][u]%s[/u][/hint]",,scripts/ui/UiKit.gd:954
"

[color=#%s]Keywords[/color]
[color=#%s]%s[/color]","

[color=#%s]Anahtar kelimeler[/color]
[color=#%s]%s[/color]",scripts/ui/UiKit.gd:969
History: ,Geçmiş: ,scripts/ui/UiKit.gd:982
Earned: [b]%s[/b] — %s  %s,Kazanıldı: [b]%s[/b] — %s  %s,scripts/ui/UiKit.gd:988
Next quirk: %s (%d/%d %s),Sonraki huy: %s (%d/%d %s),scripts/ui/UiKit.gd:995
%s Lv%d (%d rifts),%s Sv%d (%d yarık),scripts/ui/UiKit.gd:1002
Bonds: ,Bağlar: ,scripts/ui/UiKit.gd:1004
 · Rank %s, · Rütbe %s,scripts/ui/UiKit.gd:1031
  (%s has %d),  (%s: %d),scripts/ui/UiKit.gd:1037
Requires %d %s%s,Gereken: %d %s%s,scripts/ui/UiKit.gd:1038
Base: ,Temel: ,scripts/ui/UiKit.gd:1040
Drawback: ,Dezavantaj: ,scripts/ui/UiKit.gd:1049
%s only,Yalnızca %s,scripts/ui/UiKit.gd:1051
 · %d/%d wins to next, · sonrakine %d/%d zafer,scripts/ui/UiKit.gd:1055
Attuned %d/%d (+%d%% stats)%s,Uyum %d/%d (+%%%d istatistik)%s,scripts/ui/UiKit.gd:1056
If equipped on %s%s:,%s%s kuşanırsa:,scripts/ui/UiKit.gd:1062
 (replacing %s), (%s yerine),scripts/ui/UiKit.gd:1062
▼ loses: ,▼ kaybeder: ,scripts/ui/UiKit.gd:1081
No stat change,İstatistik değişmez,scripts/ui/UiKit.gd:1084
Party power,Ekip gücü,scripts/ui/UiKit.gd:1093
Deadly,Ölümcül,scripts/ui/UiKit.gd:1095
Risky,Riskli,scripts/ui/UiKit.gd:1095
Even fight,Denk dövüş,scripts/ui/UiKit.gd:1095
Favored,Avantajlı,scripts/ui/UiKit.gd:1095
%s %d / Recommended %d — %s,%s %d / Önerilen %d — %s,scripts/ui/UiKit.gd:1097
Power = damage ×2 + effective health ÷3.,Güç = hasar ×2 + etkili can ÷3.,scripts/ui/UiKit.gd:1099
Combo:,Kombo:,scripts/ui/UiKit.gd:1122
Keystone,Kilit taşı,scripts/ui/UiKit.gd:1122
Innate,Doğuştan,scripts/ui/UiKit.gd:1122
Quirk:,Huy:,scripts/ui/UiKit.gd:1122
Party,Ekip,scripts/ui/UiKit.gd:1130
Situational:,Duruma bağlı:,scripts/ui/UiKit.gd:1180
gains: ,kazanır: ,scripts/ui/UiKit.gd:1219
loses: ,kaybeder: ,scripts/ui/UiKit.gd:1223
Into an empty slot,Boş bir yuvaya,scripts/ui/UiKit.gd:1226
Relic slots %d/%d — %s,Kalıntı yuvaları %d/%d — %s,scripts/ui/UiKit.gd:1236
equips right away,hemen kuşanılır,scripts/ui/UiKit.gd:1236
Needs %d %s — no one here has that yet,%d %s gerekir — burada henüz kimsede yok,scripts/ui/UiKit.gd:1242
Fills an empty slot on %s,Boş bir yuvayı doldurur: %s,scripts/ui/UiKit.gd:1246
For %s — hover to compare,%s için — karşılaştırmak için üstüne gel,scripts/ui/UiKit.gd:1247
No tips,İpucu yok,scripts/ui/UiKit.gd:1517
Turn every tip off (Settings can turn them back on),Tüm ipuçlarını kapat (Ayarlar'dan yeniden açılabilir),scripts/ui/UiKit.gd:1523
%s — locked,%s — kilitli,scripts/ui/UiKit.gd:1535
Not open yet,Henüz açık değil,scripts/ui/UiKit.gd:1536
First-Strike Damage,İlk Vuruş Hasarı,scripts/ui/UiKit.gd:1808
Escalating Damage,Artan Hasar,scripts/ui/UiKit.gd:1809
Mend (HP over time),İyileşme (zamanla can),scripts/ui/UiKit.gd:1809
Hazard Guard,Tehlike Koruması,scripts/ui/UiKit.gd:1810
Dodge Chance,Kaçınma Şansı,scripts/ui/UiKit.gd:1810
Ability Power,Yetenek Gücü,scripts/ui/UiKit.gd:1810
Wipe Guard (survive a wipe),Yok Olma Koruması (tüm ekip düşerken hayatta kal),scripts/ui/UiKit.gd:1811
Boss Alpha Strike,Boss'a İlk Vuruş,scripts/ui/UiKit.gd:1811
Loot Rarity,Ganimet Nadirliği,scripts/ui/UiKit.gd:1812
Counter-Attack Chance,Karşı Saldırı Şansı,scripts/ui/UiKit.gd:1812
Momentum on Evade,Kaçınınca İvme,scripts/ui/UiKit.gd:1813
On-Kill Shield,Öldürünce Kalkan,scripts/ui/UiKit.gd:1813
Sort: %s,Sırala: %s,scripts/ui/UiKit.gd:1826
Front,Ön,locale/extra_msgids.txt
front,ön,locale/extra_msgids.txt
back,arka,locale/extra_msgids.txt
all,hepsi,locale/extra_msgids.txt
